"!!!這是假的,憨豆先生的英文名字Mr Bean不是Mr Pea啊!!!"
《8小时》《21.2万粉丝》
35.8万
这不是憨豆本人
童年的回忆啊，豆叔也老了
不是憨豆先生哦，这是逗逗先生，看标题看标题
童年来了！
憨豆先生
假的 看不出来吗？我震惊了
说不像的，他都老了
憨豆不90多岁吗
憨豆不90多岁吗
你好 憨豆先生
谢谢你带个我儿时的快乐
？？？？？？？？？？
啊
爷青回
这不是你的童年，宝子
老艺术家
赠的假的？
《35.5万粉丝》
今晚去田园上面，看萤火虫吗，朋友们
真憨豆啊，
三個影片35萬粉絲
艾金森教授！
像但不是
憨豆先生，分豆
是你吗豆哥？是你吗？希望不要是仿生人！
Mr Bean！
次元壁破了！！！
啊
冷知识：憨豆先生本人已经老了
你好，阿尔米汗
美好的童年回来了，似乎从未消失
爷青回
你说他不是本人我认同，你要说他不像那多少有点昧着良心说话了
我嘞个豆！
一眼假
童年啊啊啊啊啊啊啊啊啊啊啊啊
我就说他怎么像憨豆呢
豆豆博士
这不是本尊 山寨的
豆豆先生
哇豆豆
哇
假的又怎么样呢…我喜欢的是角色本身
哈哈，欢迎憨豆先生！
三个视频，30万粉丝，200多万点赞
童年回忆
！！！
您好  憨豆先生
你好《罗温·艾金森》
哇
先生，你可终于上线了。俺可等你很久了。
欢迎
憨豆先生，欢迎来到中国
小时候经常看他
《泽连斯基》
我又想起来那个抱着小熊的憨豆先生
后来有人似你3分，我便慌了神
！！憨豆先生
憨豆先生，你好
真的假的卧槽
《25小时，37.4万粉丝》
《逗逗先生》
《逗逗先生》
昨天晚上9:33
不像憨豆，好像不是本人
童年 ，超喜欢
看到完结
这个是假豆，不是那个博士豆
不是一个人好吧
背后必有汉人指点
你不是他
憨豆先生
我失忆了。
欢迎欢迎
BGM是必有汉人指点
我小时候最喜欢去邻家姐姐家里看憨豆先生了
我小时候经常去邻家姐姐家里看憨豆先生了
6
童年啊
憨豆啊。
冒牌货
啊啊啊
我七岁了？
童年回忆，小时候天天看
想他了这个动画已经不在了
嗨
礼貌问候泰迪
爷青回
我想起了憨豆先生！
我的童年
后来有人似你三分，我便慌了神
这个是模仿者，不是本尊，本尊已经很老了
童年明星
泪目了
泪目了
哈哈哈哈哈哈哈哈哈憨豆先生！！！
哈哈哈哈哈哈哈哈哈哈好俏皮啊哈哈哈哈
昨天刚入驻，33.8万粉丝
这是逗逗先生又不是憨豆先生
我去
你好，憨豆先生
豆！
这不是憨豆先生啊，都不像
假的
这也不是憨豆啊
pea？不是bean么？
憨豆先生你是我的神
中国分豆，敢豆先生
欢迎豆豆
艾金森先生患有抑郁症
先生，你忘了小熊
在你身上我看到了故人的影子
不是哥们
你好
新账号不到24个小时30多万粉丝
Welcome to BiLi BiLi.
Welcome to stay in Li Li Li.
