标题,Up主,URL链接,播放量,弹幕量,简介,点赞量,投币量,收藏量,分享量,分区,上传日期
游戏加速100倍+极限模式+一格物品栏通关MC!,节操Pro,https://www.bilibili.com/video/BV1Lb421E7dn,426.9万,2.0万,"啊啊啊啊终于做出来了 
然后的话其实最后一点赶最后一部分内容可能节奏不是很好 十分抱歉 
剪辑",53.2万,46.8万,53.2万,1.4万,"['万物皆可游戏', '游戏', '单机游戏', '沙盒游戏', '我的世界', '游戏', 'Minecraft', '一格物品栏', '加速100倍', '挑战', '极限模式']",2024-08-28 10:00:00
为了让大家多喝水，我做了这个…,老师好我叫何同学,https://www.bilibili.com/video/BV1N1421b7NL,631.2万,3647,-,53.2万,4.9万,53.2万,9997,"['影石Insta360', '生活', '日常', '何同学', '拇指相机GO3S']",2024-08-27 18:00:00
关于我开兰博基尼撞到外卖小哥事件的后续,涛哥测评,https://www.bilibili.com/video/BV1NW421X7RV,173.4万,5634,这件事的具体情况是：首先车辆碰撞发生是因为外卖小哥闯红灯，对方被交警判全责，而我无责。同时外卖小哥身体并无大碍。其次这辆兰博基尼是我朋友借我开的，不是我的。最后修车钱我自己一个人承担了，没有追究外卖小哥一点责任，毕竟大家都不容易，互相理解下吧。,32.5万,13.7万,32.5万,2115,"['生活', '日常', '兰博基尼', '日常', '外卖小哥', '交通事故', '车祸']",2024-08-28 20:43:00
纯黑《黑神话：悟空》全程无伤攻略解说 第三期,-纯黑-,https://www.bilibili.com/video/BV1ST421z7EW,201.5万,2.1万,"这不得三连支持一下！
ED非官方部分素材出处：BV1e7421R7sR质量越高速度越慢，视频越长速度越慢，既然视频又长质量又高那更新速度肯定不会快，所以请耐心等待。
一般情况下会根据游戏背景选择会用哪种语言的歌曲做片尾，但奈何自己中文歌听的太少（没有说中文歌不好的意思，死宅一般只听ACG相关歌曲导致的），只能选兼容性较强的英文歌了。制作片尾需要大量时间精力，已经做好的不可能再更换。",24.9万,28.2万,24.9万,1.4万,"['游戏', '单机游戏', '无伤', '悟空', '纯黑', '攻略', '解说', '黑神话', '小骊龙', '虎先锋']",2024-08-28 10:21:42
《黑神话：八戒》3分钟实机演示,毒影子,https://www.bilibili.com/video/BV1EcHgezEyF,329.6万,7338,早先，一个月前，就在和小伙伴们策划的一个视频短片哦~所以内容和游戏本体多少有点出入，权当娱乐，切勿当真~,21.3万,9.6万,21.3万,5.0万,"['黑神话天命人来也', '游戏', '单机游戏', '搞笑', '特效', '四妹', '实机演示', '蜘蛛侠', '黑神话', '猪猪侠', '真人特效', '整活', '《黑神话：悟空》8.20 直面天命']",2024-08-30 11:30:00
小潮team的收藏品大选！,杜海皇,https://www.bilibili.com/video/BV1ME4m1R79t,211.8万,2.7万,"希望各位观众老爷们喜欢这期视频！
喜欢记得点赞/投币/收藏/分享！",18.7万,8.4万,18.7万,2266,"['搞笑研究所', '生活', '搞笑', '搞笑', '高能', '生活', '幽默', '魔性', '逗比', '娱乐', '测评', '杜海皇', '搞笑研究所2024 5.0']",2024-08-28 12:00:00
离谱！我们真的把正义高达装进了魔蟹！MG1/100蟹壳完成！【RAY】,RAY的模型世界,https://www.bilibili.com/video/BV1zW421Q796,82.4万,7090,正义魔蟹这个梗，我们是不是玩的太认真了？,14.8万,18.6万,14.8万,3.6万,"['手办模玩怎么玩？', '动画', '模玩·周边', '夏亚', '模型制作', '高达模型', '万代', '高达SEED', '机动战士高达', 'MG', '手办模型', '模型', '动画嘉年华2024·无限同人']",2024-08-28 19:00:00
《绝区零》简角色PV丨逮捕,绝区零,https://www.bilibili.com/video/BV1YT421r7pH,208.6万,6434,"「有坏东西跑掉了，我去清理一下。」
「对了，我的印记，你也记得清理哦~」

简CV
中：曾彤
日：岛村侑

—— 欢迎来到新艾利都！——
《绝区零》1.1版本「卧底蓝调」现已开启！
bilibili安卓端下载地址：https://www.biligame.com/detail/?id=108434bilibiliPC端下载地址：https://www.biligame.com/detail/?id=111210",17.2万,8.7万,17.2万,2.8万,"['游戏', '手机游戏', '手游', 'PC', '剧情', '新游', 'ARPG', '绝区零1.1', '绝区零简', '米哈游', '绝区零', '卧底蓝调']",2024-08-30 12:00:00
国 产 单 机 游 戏 现 状,进击的金厂长,https://www.bilibili.com/video/BV1Cx4y1s73T,181.2万,6955,兄弟们最喜欢的国产游戏是什么？让我在评论区康康大家的答案！,17.4万,4.9万,17.4万,1319,"['我玩黑神话悟空belike', '生活', '搞笑', '搞笑动画', '短片', '搞笑', '国产游戏', '单机游戏', '黑神话悟空', '国产单机', '玩家', '金厂长', '搞笑研究所2024 5.0']",2024-08-28 17:58:25
【明日方舟×迷宫饭】SideStory「泰拉饭」活动宣传PV,明日方舟,https://www.bilibili.com/video/BV1ZW421Q7PC,197.7万,1.9万,"【明日方舟×迷宫饭】SideStory「泰拉饭」限时活动即将开启

迷宫里......竟然存在这样的地方？
源石？泰拉？罗德岛？这些都是什么东西啦！
比搞不清楚状况还要可怕的......是营养不足！
“不是吃，就是被吃”的道理在这里也行得通吧？
收拾好刀剑和法杖，也别忘了锅、铲还有调料！
准备好了吗，我们可要开动了！

———————————— 
详细活动内容敬请关注《明日方舟》官网及游戏内相关公告。",16.9万,5.6万,16.9万,8.2万,"['游戏', '手机游戏', '明日方舟', '迷宫饭']",2024-08-28 10:58:54
《张万鼠，下药了》,伤心欲茄222,https://www.bilibili.com/video/BV1sW421X7C2,259.0万,1372,-,36.6万,2.4万,36.6万,2.5万,"['搞笑研究所', '生活', '搞笑', '搞笑', '八嘎', '搞笑研究所2024 5.0']",2024-08-28 18:00:18
假如二郎神是来花果山娶亲,大龙也丢啦GG,https://www.bilibili.com/video/BV1u2421o76W,146.4万,6036,视频引用了,17.3万,3.1万,17.3万,3.1万,"['黑神话被鬼畜了', '鬼畜', '鬼畜剧场', '二郎神', '搞笑', '游戏', '孙悟空', '国产游戏', '鬼畜', '黑神话悟空', '鬼畜剧场', '鬼畜星探企划']",2024-08-27 21:26:05
10元解锁真大圣？月销上万全部好评？保姆级steam免费入宗教学！,游戏达baka,https://www.bilibili.com/video/BV1M4421f7gu,103.7万,865,"风灵月影——
宗门官网：flingtrainer.com
中文官网：https://flingtrainer.com/cn/community/
3DM论坛：https://bbs.3dmgame.com/
N网：https://www.nexusmods.com/

MOD工具整合包——
链接: https://pan.baidu.com/s/10K_lCCnWwVBc4dNGbg4TuQ?pwd=suda 提取码: suda",12.8万,1.9万,12.8万,5697,"['科技猎手', '科技', '软件应用', '单机游戏', '科技', '技术宅', '入门', '教程', 'steam', '黑神话悟空', '白嫖', '风灵月影', '科技猎手2024第2季']",2024-08-28 20:50:48
⚡贤侄你怎么又空了⚡,暂离二度,https://www.bilibili.com/video/BV1MFsTeWEfm,313.3万,1012,以后我管你叫师弟，你管我叫贤侄，咱俩各论各的,20.3万,5.4万,20.3万,2.7万,"['黑神话被鬼畜了', '鬼畜', '鬼畜调教', '西游记', '鬼畜调教', '搞笑', 'rap', '黑神话悟空', 'chipichipichapachapa', '猪八戒', '鬼畜星探企划']",2024-08-28 17:01:48
我有什么问题,大伟老三,https://www.bilibili.com/video/BV16M4m117t4,256.2万,1206,-,33.1万,4481,33.1万,4228,"['搞笑研究所', '生活', '搞笑', '情感', '娱乐', '搞笑', '搞笑研究所2024 5.0']",2024-08-28 12:14:45
太突然了，全部随机毫无准备直接出国旅行！！【青春旅行团03】,小精灵real,https://www.bilibili.com/video/BV1B4421o7MT,237.7万,3.6万,"全！新！系！列！！《青春旅行团》第三期！！
随机一个人策划一期旅游，结果会是怎么样的？？？
一键三连，我们速速拍摄下一期拉！！！",28.4万,21.5万,28.4万,1.6万,"['值得纪念的一天', '生活', '日常', '搞笑', '日常', '旅游', '生活记录', '美食', '生活', '青春旅行团', '记录', '友情', '生活万花筒14.0-给生活的planB']",2024-08-27 18:40:00
大唐电音！！！中国人不蹦洋迪！！！《护花使者》完整版~,桂梓三弦,https://www.bilibili.com/video/BV1EHsTeuE6q,170.7万,1469,大唐电音！！！中国人不蹦洋迪！！！《护花使者》完整版~,24.1万,1.9万,24.1万,1.1万,"['音乐', '演奏', '三弦', '非遗', '大唐', '蹦迪', '弘扬国乐']",2024-08-28 15:47:12
一别两百多天，我终于回来了！你们还记得我吗?,迪哥闯世界,https://www.bilibili.com/video/BV1xi421z7F6,260.3万,9522,一别两百多天，我终于回来了！你们还记得我吗?#我的世界 #mc不灭 #多人联机 #迪哥闯世界 #MC,22.0万,5.5万,22.0万,5068,"['万物皆可游戏', '游戏', '网络游戏', '我的世界', '回忆', '1.21版本', '联机生存', '迪哥闯世界']",2024-08-28 21:08:56
大伙评价一下我这个吃牛排的动作标准吗？,俞涛不光会做九转大肠,https://www.bilibili.com/video/BV1yW421X75w,237.3万,1461,给刚哥和体德的学员们做个增肌训练,22.6万,3721,22.6万,3530,"['淘宝秒杀真香', '美食', '美食记录', '红烧牛肋排', '大口吃肉', '太香了']",2024-08-28 18:25:14
爆火游戏，居然对孩子有这么大的危害？！,老爸评测,https://www.bilibili.com/video/BV1mZ421578k,165.1万,3912,Not Found,16.4万,1.0万,16.4万,8894,"['B人开学季，启动！', '生活', '日常', '游戏', '教育', '玩具', '校园', '生活', '育儿', '烟', '学生', '烟卡', '生活万花筒14.0-给生活的planB']",2024-08-28 17:00:00
让末影珍珠带我随机旅行,Prism阿锐,https://www.bilibili.com/video/BV1LqsweXEVj,231.4万,545,下一站会是哪里呢,37.5万,3.4万,37.5万,4125,"['游戏', '单机游戏', '我的世界', '视觉盛宴']",2024-08-28 01:56:41
你可以限高，但不能限邮政的高,铁岭邮政,https://www.bilibili.com/video/BV1nW421X7SR,396.7万,944,邮政法大于地方法，你知道了吗？,36.4万,4634,36.4万,1567,"['原创搞笑剧情', '生活', '搞笑', '科普', '原创', '高能', '生活记录', '学习', '直播', '正能量', '记录', '邮政', 'BILIBILI金电视奖']",2024-08-29 15:30:00
百家争鸣,阿瘫呀,https://www.bilibili.com/video/BV1RM4m1a7Ho,217.3万,403,Not Found,30.3万,2493,30.3万,2780,"['动画', 'MAD·AMV', '阿瘫']",2024-08-28 17:30:00
黑神话悟空就像一块巧克力#抽象艺术#黑神话悟空#黑神话悟空被举报,YJ小九er,https://www.bilibili.com/video/BV1RbsTeYE8V,197.5万,1200,-,25.6万,1809,25.6万,1609,"['生活', '日常', '艺术家', '纹身', '孙悟空']",2024-08-28 15:25:03
【原神一条龙全收集】纳塔5.0(成就数407/火神瞳108/石盒120)坚岩隘谷+万火之瓯+踞石山+涌流地/宝箱/涂鸦的裂石/火之印/探索度/原神5.0一条龙,你的影月月,https://www.bilibili.com/video/BV14Z421L7DN,188.3万,2.5万,"本视频包含以下任务：
向星星许愿、嵴锋龙躲猫猫、宝物和收藏家、谎言与约定、踏虹破浪!、寻找神秘岛的人、沉重的翅膀、将夜晚放还于夜晚
宝箱成就总数：407
40个幻写灵，17个限时挑战
108火神瞳+120石盒+8摩拉盒+10玉帛
5.0必做前置任务：
5.0开图主线①：BV1eU411S7fj5.0开图主线②：BV1df421i7JF5.0开图主线③：BV17U411S7ES5.0开图主线④：BV1Xf421i7Yp5.0开图主线⑤：BV134421o7Nh5.0开图主线⑥：BV1HZ421L7rm标点分类：
牛 头=首杀
感叹号=限时挑战/NPC挑战
星 星=可见宝箱(包括怪物守护的宝箱等)
鸡 腿=幻写灵(缺德导航ProMax)
风 车=机关解密
镐 子=挖掘/碎石/隐藏宝箱
鱼 钩=神瞳
全收集物点位电子地图",6.5万,4.0万,6.5万,7160,"['原神5.0游戏攻略', '游戏', '手机游戏', '坚岩隘谷', '涌流地', '5.0一条龙', '万火之瓯', '踞石山', '游戏攻略', '游戏鉴赏家', '原神', '原神高能团', '原神5.0UP主激励计划']",2024-08-28 15:43:54
黑神话终章剧情反转，二郎神对悟空的心结之谜！,太阳游戏百科全说,https://www.bilibili.com/video/BV1eWsxeSESa,198.8万,2845,Not Found,20.6万,5875,20.6万,5081,"['黑神话天命人来也', '游戏', '单机游戏', '剧情', '#黑神话悟空', '《黑神话：悟空》8.20 直面天命']",2024-08-27 17:14:28
【时代少年团】《浅炸一下吧！》51:再少年一夏,时代少年团,https://www.bilibili.com/video/BV1Pi421r7SU,204.6万,31.7万,Not Found,9.0万,2.8万,9.0万,4357,"['娱乐', '明星综合', '综艺', '时代少年团']",2024-08-28 18:00:00
你们有没有见过被客人坑的理发师？？？,山城小栗旬的理发日记,https://www.bilibili.com/video/BV1ti421z7V7,231.7万,1669,-,17.6万,3076,17.6万,2891,"['出门妆一夏', '时尚', '美妆护肤', 'cos', '山城小栗旬', '剪发不翻车', '肌肉帅哥', '日常vlog', '男生理发', '夏日时髦地图']",2024-08-28 13:00:00
⚡️ 电 吉 菩 萨 ⚡️,哦呼w,https://www.bilibili.com/video/BV1Xz421i7Yr,172.7万,1102,黑神话第二章隐藏内容流出,17.1万,3.1万,17.1万,2.2万,"['鬼畜', '鬼畜调教', '鬼畜调教', '孙悟空', '鬼畜', '西游记', '搞笑', '黑神话悟空', '无头人', '编曲', '陕北说书']",2024-08-29 12:05:00
虚一直构｜《难不倒的椒师傅》,帕姆的收藏夹,https://www.bilibili.com/video/BV124421f7pg,73.1万,8643,"身边事，大小事，有事就找椒师傅。欢迎收听本期《难不倒的椒师傅》。
 主播：椒丘（CV：陈张太康）
 本节目中的一切人物、故事、设定仅为节目包装，均与《崩坏：星穹铁道》原作无关。",11.2万,3.1万,11.2万,1.5万,"['游戏', '手机游戏', '崩坏：星穹铁道', '崩坏星穹铁道', '崩坏星穹铁道椒丘', '虚一直构', '米哈游', 'miHoYo']",2024-08-28 12:01:26
"""八戒最是重情义！""",前前前世的陌生人,https://www.bilibili.com/video/BV18U411m7ha,274.5万,1114,"感谢审核大大！！！
黑神话悟空yyds",13.5万,1.4万,13.5万,2868,"['影视神仙剪刀手', '影视', '影视剪辑', '孙悟空', '兄弟情', '黑神话悟空', '黑神话', '神仙剪刀手5.0', '金猴降妖', '八戒', '猪八戒', '意难平', 'B站好片有奖种草']",2024-08-27 12:01:02
大几百的高端法式甜品，在家轻松搞定 ！,雪琦妈妈烘焙,https://www.bilibili.com/video/BV1974y127GM,76.7万,329,"家里自己吃的话就不用淋面了，就单独吃里面的慕斯就很好吃了。做好的慕斯可以直接冷藏一夜第二天吃，或者冷冻冻硬了之后，再放冷藏解冻1-2小时再吃。
想要淋面光亮，巧克力融化就可以了，温度不要太高，充分搅匀之后用料理棒把所有的材料充分的均质乳化一下，它会更加的光亮。
第二天在隔水加热使用的时候也要注意，温度不能太高了，大概40.50度能把它融化就可以了。
淋面之前再用机器均制一下，把里面的气泡排出来，放凉到32度左右，淋到冻硬的慕斯表面即可。
整个过程就是注意两点：1.温度 2.充分乳化混匀（淋面里面的气泡越少越好）",11.7万,4687,11.7万,1641,"['bilibili食界杯', '美食', '美食制作', '慕斯', '美食制作', '甜品', '蛋糕', '烘焙教程']",2024-08-28 20:41:04
不写作业的主任上你家找你去,脱缰凯Kk,https://www.bilibili.com/video/BV1Bx4y1s7PP,110.7万,3797,-,15.7万,7748,15.7万,1635,"['我在B站拍短剧', '影视', '小剧场', '短片', '校园', '作业', '原创', '写作业', '搞笑', '学生作品', '学生', 'B站剧情创作人2.0']",2024-08-30 17:34:49
建议严查这批网红零食,穿毛裤的小拉泽,https://www.bilibili.com/video/BV191421t7Mx,369.4万,8242,美食测评千人千味，口味仅代表我个人，仅供大家参考！注：封神榜>名士榜>凡人榜>妖魔榜,5.7万,6668,5.7万,1100,"['炎炎夏日·美食解暑气', '美食', '美食测评', '吃播', '辣条', '下饭', '缺牙齿', '霉豆腐', '毛豆腐', '零食开箱', '零食种草', '宝藏零食']",2024-08-29 16:50:00
李白来四川连夜写了《蜀道热》,小小段砸,https://www.bilibili.com/video/BV1Wf421i7AM,85.6万,672,Not Found,17.2万,2.4万,17.2万,2.4万,"['搞笑研究所', '生活', '搞笑', '脱口秀', '四川', '搞笑', '方言', '蜀道热', '高温', '蜀道难', '搞笑研究所2024 5.0']",2024-08-29 18:00:00
陕北曼波说书,一根华仔,https://www.bilibili.com/video/BV1ef421i7mm,187.2万,1450,原视频：BV1cLWGeREZg,19.6万,2.0万,19.6万,2.7万,"['鬼畜', '鬼畜剧场', '黑神话悟空', '闪耀优俊少女', '赛马娘', '傻了吧唧', '陕北说书', '曼波', '诗歌剧']",2024-08-29 09:00:00
湖南长沙发条电竞。发条网咖。发条x电竞酒店。发条plus电竞酒店,网管姐姐吴莉莉,https://www.bilibili.com/video/BV1k7sueSE7U,158.3万,675,-,28.0万,2.4万,28.0万,213,"['我磕的cp天下第一甜', '生活', '日常']",2024-08-28 20:40:13
讲一下怎么做表面功夫,一点就炸B站号,https://www.bilibili.com/video/BV1b4421o7By,92.8万,789,-,21.3万,1.0万,21.3万,6478,"['生活', '日常', '生活记录', '人际关系', '原生家庭', '婚姻情感', '认知思维']",2024-08-27 02:05:30
当老6面见大圣，是什么反应 当我踏上登山路的时候，那感觉真是绝了，当看了悟空的回忆的时候，我感觉他真的活了，到最后带金箍的时候，我也紧张了，究竟是好坏,老6使命召唤,https://www.bilibili.com/video/BV1on4y1f7XJ,561.0万,5643,Not Found,14.8万,1.1万,14.8万,1156,"['游戏', '网络游戏', '黑神话悟空']",2024-08-26 22:30:10
「你 问 我 打 ？」,大炒面制造者Cen,https://www.bilibili.com/video/BV1rf421i7C7,113.9万,1.6万,"特别感谢萝卜吃米洛同学为这期视频付出的节目效果 下次控制水晶我一定来.jpg
因为录制的时候很多人都在外出差 所以人员上的变动会比较大哦
如果大家要发生贺视频/动态的话 记得加上话题#badcen2024年生贺 
题材来源：伟大的繁华",12.8万,6.3万,12.8万,777,"['我的世界还能这样玩', '游戏', '单机游戏', '单机游戏', '娱乐', '游戏', '我的世界', 'minecraft', '生存挑战', '主播', '沙雕', 'mc']",2024-08-28 08:00:00
说难听点，大学生最蠢的行为就是提前做计划,嘴替张牧之,https://www.bilibili.com/video/BV1i2sKeAEKV,60.6万,1531,-,8.8万,1.5万,8.8万,8247,"['生活', '搞笑', '大学', '搞笑', '吐槽', '大学生', '宿舍生活', '沙雕']",2024-08-28 18:55:55
魑魅魍魉，怎么它就这么多？《黑神话：悟空》终极鉴赏！【电子羊尾22】,智能路障,https://www.bilibili.com/video/BV1YE4m1Q7sV,45.9万,1.9万,Not Found,4.9万,4.8万,4.9万,4809,"['黑神话天命人来也', '游戏', '单机游戏', '游戏杂谈', '黑神话悟空', '《黑神话：悟空》8.20 直面天命']",2024-08-30 22:25:14
碟刹用户的烦恼3,吃橙子的大叔,https://www.bilibili.com/video/BV1mBsNeUEzV,459.5万,312,-,9.5万,638,9.5万,648,"['运动', '运动综合', '公路车', '碟刹', '蹭碟', '注油']",2024-08-28 12:42:19
虎先锋VS疯虎！我们举办了一场黑神话BOSS斗法大会！#2,肥格Fager,https://www.bilibili.com/video/BV1UU411m7et,146.0万,5669,下期还想看谁打谁，评论区告诉我！,8.9万,2.0万,8.9万,1.8万,"['黑神话天命人来也', '游戏', '单机游戏', '单机游戏', '搞笑', 'ARPG', '娱乐', 'MOD', '游戏', '黑神话悟空', '黑神话', '电子斗蛐蛐BVB', '《黑神话：悟空》8.20 直面天命']",2024-08-29 12:02:28
小伙想吃烤鸡又不想多花钱，花5块钱买了2个大鸡架啃过瘾了，再配上意大利面,咸鱼梦想家vlog,https://www.bilibili.com/video/BV1p2421f7TB,207.9万,7641,-,8.8万,7226,8.8万,3365,"['美食', '美食制作', '吃货', '意大利面', '华为手机', '烤鸡', '二手手机', '鸡架', 'Vlog']",2024-08-28 17:35:45
《绝命毒师》,宋云生-,https://www.bilibili.com/video/BV12x4y1s7vj,104.2万,1126,Not Found,17.5万,1192,17.5万,484,"['搞笑研究所', '生活', '搞笑', '搞笑研究所2024 5.0']",2024-08-29 17:20:00
重生成了小婴儿，还多了个青梅竹马【萌娃冷天天P10】,圆桌动漫,https://www.bilibili.com/video/BV1Gy411v7is,121.1万,6319,Not Found,2.7万,1.6万,2.7万,214,"['国创', '国产原创相关', '搞笑', '手书', '圆桌宇宙', '萌娃']",2024-08-28 17:00:00
《崩坏：星穹铁道》2.5版本「碧羽飞黄射天狼」前瞻特别节目,崩坏星穹铁道,https://www.bilibili.com/video/BV1ox4y1s71J,117.7万,2.7万,"《崩坏：星穹铁道》2.5版本「碧羽飞黄射天狼」将于2024年9月10日上线，感谢开拓者的支持与陪伴~
本次特别节目中的一切人物、故事、设定仅为节目包装，均与《崩坏：星穹铁道》原作无关，展示画面与奖励等均为研发中内容，非最终上线版本，请以上线版本为准。
亲爱的开拓者，本次特别节目中的兑换码将于8月31日23:59:59失效，记得尽快兑换哦~",9.0万,1.9万,9.0万,3278,"['游戏', '手机游戏', '崩坏：星穹铁道', '前瞻特别节目', '崩坏星穹铁道', '碧羽飞黄射天狼', '米哈游', 'miHoYo']",2024-08-30 20:35:00
大型记录片《英雄杨树朋》持续为你播出,孤独醒来,https://www.bilibili.com/video/BV1Wbs7e5EmH,228.1万,7430,-,58.8万,3.2万,58.8万,560,"['知识', '人文历史', '人物', '历史', '人文']",2024-08-26 18:33:52
【黑神话悟空】花果山必做！隐藏巨型BOSS大石敢当！全属性+20的神丹获取攻略！| 五蕴丹 | 大石敢当怎么打！,逍遥小枫,https://www.bilibili.com/video/BV1iS421Q76u,145.4万,1375,"很久没有开大作的坑了
这次就小小的开一下吧
---------------
喜欢的话记得【关注】我吖~
别忘记【点赞评论】和【一键三连】，记得推荐给你们的朋友哦~
油管频道：逍遥小枫（新人UP求关注- -！关注了一年后你就是老粉丝了！）",5.2万,4564,5.2万,2867,"['黑神话悟空攻略在此', '游戏', '单机游戏', '黑神话悟空', '黑神话', '五蕴丹', '大石敢当', '教程攻略', '路线', '隐藏支线', '五蕴', '隐藏装备', '《黑神话：悟空》8.20 直面天命']",2024-08-28 20:30:16
不灭亦不休 ~大圣一去，花果山整个都变了~~,九山山就是我啦,https://www.bilibili.com/video/BV1eSsKecE9T,114.6万,414,昔日的花果山~~昔日的大将~~变喽~,19.3万,2036,19.3万,1617,"['黑神话天命人来也', '游戏', 'GMV', '单机游戏', '游戏', '黑神话悟空', '黑神话']",2024-08-28 18:38:33
我在极限模式建造了150万效率刷铁机，直接实现铁块自由！,树下的大树,https://www.bilibili.com/video/BV1aCspeuEyz,130.1万,3412,-,17.6万,6.0万,17.6万,2366,"['整点电子榨菜', '游戏', '单机游戏', '新人', '单机游戏', '我的世界', '沙盒游戏', 'MC', '游戏实况', '极限生存', 'Minecraft', '像素风']",2024-08-27 07:16:21
黑神话悟空 第七期,鲤鱼Ace,https://www.bilibili.com/video/BV1hw4m167Hc,152.9万,4.0万,黑神话悟空 第七期,4.6万,1.8万,4.6万,620,"['黑神话天命人来也', '游戏', '单机游戏', '搞笑', '黑神话悟空', '鲤鱼', '《黑神话：悟空》8.20 直面天命']",2024-08-28 15:30:24
《黑神话有中文至于吗，我看得懂英文啊》,碎嘴企鹅,https://www.bilibili.com/video/BV1LE4m197xG,169.7万,2662,Not Found,27.0万,1.3万,27.0万,921,"['我玩黑神话悟空belike', '生活', '搞笑', '主机游戏', '情感', '游戏', '搞笑', '英文', '原创', '吐槽', '黑神话', '段子', '搞笑研究所2024 5.0']",2024-08-27 17:32:19
向上盈 | 职场“护身符”第7集！,兰宗晓成长盈,https://www.bilibili.com/video/BV1Dy411H72A,78.7万,218,Not Found,8.5万,2036,8.5万,1476,"['知识', '职业职场', '学习', '职场', '心机同事', '领导的语言艺术', '工作', '人际关系', '情商', '职业', '人情世故', '提升自己']",2024-08-29 17:58:10
斩断昔日旧枷锁 今日方知我是我,寅山,https://www.bilibili.com/video/BV1yy411H7vf,108.8万,1342,Not Found,9.0万,1.7万,9.0万,4661,"['我的生活已经next level', '生活', '日常', '生活记录', '生活万花筒14.0-给生活的planB']",2024-08-29 17:29:16
终于找到了英特尔CPU缩缸的原因！如何自救？,极客湾Geekerwan,https://www.bilibili.com/video/BV174421f7Th,111.8万,7456,我们发现英特尔CPU缩缸的过程非常抽象，而且很反直觉。比如默频使用会比定压超频更容易缩缸，比如什么都不干会比全天满载更容易缩缸！到底是什么原因导致了13代14代CPU的缩缸？要如何防治？这期视频我们全部讲明白！,6.1万,2.0万,6.1万,1.9万,"['科技', '数码', '英特尔', 'CPU', '缩缸', '13900K', '14900K', 'Intel', '13代', '14代', '缩肛']",2024-08-29 07:30:00
这八秒，是我最后的倔强2.0！！！,佐悠-Leisurely,https://www.bilibili.com/video/BV1T4421o7f1,97.3万,2531,"喜欢本期视频的话就给阿婆主点个三连叭！谢谢力！
呃！我不打扰！
我走了哈！",9.7万,1.7万,9.7万,1295,"['王者荣耀UP主激励计划', '游戏', '电子竞技', '电子竞技', '娱乐', '搞笑', '王者荣耀', '王者荣耀 UP 主激励计划', 'MOBA', '铠']",2024-08-29 18:12:30
古人把无法解释的自然现象，称之为神话,白夜梦的摸鱼时间,https://www.bilibili.com/video/BV1fE421F7Rn,119.5万,2498,夸克PC端让你的电脑升级为全局AI电脑,7.5万,5547,7.5万,1067,"['动画', '同人·手书', '动画短片', '神话', '历史', '国产动画', '夸克AI', '有夸克PC端秒变AI电脑', '夸克超级搜索框', '科幻小说']",2024-08-28 17:45:00
这游戏只有一个怪吧？猴子你迷路了吗？,麦缇缇,https://www.bilibili.com/video/BV1s2stekEug,188.5万,757,-新人up。纯手肝小动画，up是真的喜欢黑神话啊，但也真的手残。。。。属于又菜有爱玩了吧，相信菜鸡们跟我一样的共鸣，才入手1天，之前没玩过魂类，大头这里真的卡了好几个小时啊.............................,18.8万,1.7万,18.8万,1.5万,"['全民黑神话狂欢', '动画', '同人·手书', '悟空', '西游记', '原创动画', '猴子', '搞笑', '黑神话悟空', '幽魂', '虎先锋', '搞笑游戏动画']",2024-08-27 20:48:03
黑神话悟空立棍教学,武当师一道院,https://www.bilibili.com/video/BV17THGeVE3H,197.1万,1230,黑神话悟空 把传统棍术也带火了 很多网友艾特我 要学立棍 今天就给大家示范一下 有一定的难度 在做的时候特别需要注意安全 小心棍子在地板打滑 以免摔伤,18.4万,2622,18.4万,3936,"['黑神话悟空攻略&黑神话悟空日常', '运动', '健身', '武当师一道院', '黑神话悟空立棍教学', '武当功夫', '传统武术']",2024-08-30 11:04:26
爽文小说都不敢这么写！2.0,KL_qiqi_,https://www.bilibili.com/video/BV1Ew4m1r7X4,88.0万,4037,"家人们期待的爽文来啦！
此视频献给我仅有的2,483,403位粉丝！
马上250万啦！家人们点个赞点个关注吧！冲冲冲！！",8.4万,1.6万,8.4万,1768,"['游戏知识分享官', '游戏', '单机游戏', '娱乐', '单机', '我的世界', '外挂', '诛仙', '单机游戏', 'MC', 'Minecraft', '折磨外挂']",2024-08-30 09:00:00
完全解析后传版孙悟空 史上最强 理想中的斗战胜佛,壞兔1412,https://www.bilibili.com/video/BV1a74y1m7Cb,120.7万,4584,"西游记后传是我认为最好的西游系列二创改编
是一部披着神话外衣的很现实的剧
既做到了尊重原著内容
也进行合理的改编
虽然有被人吐槽的摇晃镜头 鬼畜打斗
但依然有我欲成仙和相思这样的神曲
有着无可比拟的剧情
尽管跟黑神话一样带了阴谋论
展示了神佛界腐朽的存在
但西游记更多的是在讴歌真善美
 作为一名革命先驱
悟空并不想像无天那样暴力推翻 打碎重建
反而彰显自己佛性的光芒
引领大家将这个不完美的世界变得更好
更多的人还是心存正义 帮助悟空拯救三界
他是智商最高 历代版本最强的悟空
从齐天大圣到斗战胜佛
西游记后传塑造了英雄成长后的故事
侠之大者为国为民
他的战斗并非为个人的喜好得失 而是世间的正义
设定最完美的悟空
满足我对斗战胜佛的所有幻想",5.7万,2.2万,5.7万,2339,"['西游记后传', '影视', '影视杂谈', '斗战胜佛', '孙悟空', '西游记', '曹荣', '齐天大圣', '四大名著', '黑神话悟空', '钱雁秋', '无天']",2024-08-28 18:00:00
竹鼠：没说局部暴雨啊,涛哥玩配音,https://www.bilibili.com/video/BV1Vi421r7WL,144.8万,663,-,20.3万,2102,20.3万,2258,"['搞笑研究所', '生活', '搞笑', '生活记录', '奇葩', '高能', '动物', '搞笑', '搞笑研究所2024 5.0']",2024-08-28 10:23:56
当MC玩家变得越近越弱，越远越强？,卡慕SaMa,https://www.bilibili.com/video/BV1uU411m7hR,160.4万,3665,"以下是这个题材的完整设定，但是可能受限于一些其中设定，并为了正常的推进流程及视频观感，我们没能在视频里展示出及可能更改了一部分的设定：

众所周知，一个物体离得越远，看起来就越小，而小的东西往往更脆弱，这次生存中，玩家和生物能挖掘或攻击任意距离的物体，但是物体越远就越脆弱，越近就越强大
攻击距离和挖掘判定距离可以调节到极远。

生物距离玩家越远，则对于玩家来说，这个生物血量变少，护甲值也变少，但由于玩家距离生物也越远，这个生物对玩家的伤害也会变高（玩家在生物眼里看起来变小了），反之越近，则血量越高，对玩家的伤害则越低，所以会需要涉及增加生物的仇恨判定范围到极远。需要测试组对接时调整平衡强度，特别是末地部分。

至于方块，由于距离越远，方块看起来就越小，所以距离越远，一次能挖的方块就越多,挖掘速度越快，距离越近就越少越慢

需要预留可实时调节的config指令，进行调节远近导致的效果强度，生物和方块
以及生物仇恨判定距离。
攻击距离。

攻击伤害、挖掘速度、破坏区域与目标相对距离成正比，乘以某个倍率，三种倍率可通过config调整。
实际距离 = 距离 - 负增长距离
实际伤害 = 实际距离 * 伤害倍率（如果实际距离 < 0 则伤害为 0）
以此类推。",12.4万,1.5万,12.4万,660,"['万物皆可游戏', '游戏', '单机游戏', '我的世界', 'MC', '搞笑', '全程高能', 'Minecraft', '经典反转', '近小远大', '沙雕', '生存挑战']",2024-08-28 08:00:00
“国之盾”！密码界的“女杀手”！,野人少女79,https://www.bilibili.com/video/BV1xT421z7EH,378.4万,2473,Not Found,7.8万,9352,7.8万,1084,"['人文历史档案馆', '知识', '人文历史', '行走的人文', '人物故事']",2024-08-26 22:00:25
"黑神话，了解""反派""的故事！善与恶，剧情顶级解析，一二章合集！",Jerryprpr,https://www.bilibili.com/video/BV1JU411m77g,129.9万,1210,感谢天命人的三连关注！,9.3万,8177,9.3万,1892,"['黑神话天命人来也', '游戏', '单机游戏', '西游记', '孙悟空', '黑神话悟空', '火照黑云', '风起黄昏', '金池长老', '虎先锋', '游戏科学', '黄风大圣', '《黑神话：悟空》8.20 直面天命']",2024-08-27 18:52:03
奥特曼人间体年龄盘点：有人去了光之国 有人已经84岁 就连大古都已经52岁了,M78阿伟V,https://www.bilibili.com/video/BV1TE4m1R7YD,160.2万,1747,Not Found,4.1万,1091,4.1万,217,"['动画', '特摄', '迪迦奥特曼', '特摄', '奥特曼']",2024-08-28 11:24:42
这才是乙游玩家该听的歌！国乙全员版锐评！,阿嗲很夸张,https://www.bilibili.com/video/BV1b74y1m7Da,33.1万,6132,加班加点赶出了《锐评》国乙全员重置版，可能略微粗糙了一点，大人们见谅！感谢,6.1万,4.1万,6.1万,5430,"['游戏暑期狂欢节', '游戏', '手机游戏', '乙女游戏', '未定事件簿', '时空中的绘旅人', '光与夜之恋', '恋与深空', '高燃', '世界之外', '恋与制作人', '乙游', '2024游戏暑期狂欢节']",2024-08-28 18:36:28
磕到了！漫展看CP现场做饭！,张恩恩NNN,https://www.bilibili.com/video/BV13Z421K7G1,68.6万,2269,"去CPGZ现场炒CP了！
感谢各位老师们做饭~
坐在锅里跟我一起巡场的两对：
克劳德：Sinoe泷吟     萨菲罗斯：是你阿季呀
吴邪：揪酒托尼桑       张起灵：来口麦芬",10.3万,2279,10.3万,2825,"['在整一种很新的活', '生活', '搞笑', '太宰治', '夏五', '漫展整活', 'cp广州', '腾讯频道', '企鹅南极大饭堂', '太中', 'sc', 'cpgz', '搞笑新星训练营2024 3.0']",2024-08-28 12:42:31
西游记到底是谁写的？,安森垚,https://www.bilibili.com/video/BV1XM4m1a7VT,56.6万,2452,少夸点老祖宗，多夸点努力的现代人,5.4万,2.9万,5.4万,3574,"['知识', '人文历史', '西游记', '历史', '游戏', '语言', '地理', '艺术', '黑神话悟空', '山西']",2024-08-28 15:11:12
姐弟俩长得面目全非了哈哈哈,住在楼上的阿美,https://www.bilibili.com/video/BV1hb42177VT,85.3万,669,-,12.5万,764,12.5万,1703,"['搞笑研究所', '生活', '搞笑', '情感', '弟弟', '搞笑', '搞笑研究所2024 5.0']",2024-08-28 17:23:53
带东北人和南方人组团去新疆，3天2夜，每顿饭都很要命…,盗月社食遇记,https://www.bilibili.com/video/BV16U411S7iq,82.0万,5183,这次，我们真的带社员去新疆啦！请大家多多点赞互动，如果大家喜欢这种形式的话，咱们就把更多的盗月旅行专线开起来，和更多社员一起出去玩、一起共创内容！谢谢大家呀。,6.6万,4.2万,6.6万,1859,"['我们的夏游记', '生活', '出行', '美食', '新疆', '生活', '旅行', '吃货', 'vlog', '三农', '农业', '西梅']",2024-08-29 16:58:15
不给妈妈添堵那生活将毫无意义,-王梓陌,https://www.bilibili.com/video/BV1FEsTe3ECZ,122.9万,284,-,18.2万,1411,18.2万,6201,"['戏精整活大赏', '影视', '小剧场', '生活', '原创', '妈妈', 'B站剧情创作人2.0']",2024-08-28 17:25:39
争分夺秒的游戏，每一秒都是对生死的追逐,小相馆,https://www.bilibili.com/video/BV1ZGsAeZEk7,156.4万,1223,-,11.1万,5981,11.1万,2.8万,"['生活', '搞笑', '生死', '必剪创作']",2024-08-28 01:27:54
不是？你还真当一周目的我啊？,羊羊的主机小屋,https://www.bilibili.com/video/BV1v2sKeAEHr,136.6万,217,Not Found,20.2万,255,20.2万,1094,"['黑神话游玩反应', '游戏', 'GMV']",2024-08-28 18:34:54
黑神话悟空，但是武侠形态摄影猿,摄影师游隼,https://www.bilibili.com/video/BV1Gcs3euEzT,131.5万,327,抹茶巴菲豪赤,8.8万,4236,8.8万,1834,"['黑神话天命人来也', '游戏', '单机游戏', '孙悟空', '机械键盘', '武侠', '悟空', '游戏集锦', '摄影', '黑神话悟空', '黑神话', '沙雕', '《黑神话：悟空》8.20 直面天命']",2024-08-29 01:19:12
山海大陆第三期,佳楠很难,https://www.bilibili.com/video/BV1LM4m1Y7Z4,177.8万,2208,喜欢就点个关注吧~,1.6万,3192,1.6万,102,"['推荐宝藏游戏', '游戏', '单机游戏', '我的世界', '游戏实况', '实况解说', '娱乐', '沙盒游戏', '山海大陆', '五仁月饼团队', '佳楠', '制作不易']",2024-08-28 18:00:08
拜托大家，葫芦岛现在非常需要大家的支援和关注！,李哥我饿了,https://www.bilibili.com/video/BV1HM4m1Y7vx,140.7万,1790,Not Found,39.8万,22.4万,39.8万,2777,"['美食', '美食记录', '葫芦岛', '救灾']",2024-08-27 10:00:00
对话黑帮老大，马来西亚的三大民族究竟多割裂？,食贫道,https://www.bilibili.com/video/BV1rM4m117sq,115.8万,2.9万,和印度黑帮大哥一起吃鸡喝酒是什么体验,9.8万,11.4万,9.8万,7490,"['炎炎夏日·美食解暑气', '美食', '美食侦探', '街头美食', '美食侦探', '生活', '美食', '纪录片', '4k', '记录', '出行', '食贫道']",2024-08-27 18:00:00
芬兰表妹一家第一次来四川，坐高铁去自贡吃盐帮菜全兔宴惊到瞳孔地震！深夜炫串嗨到半夜！逛恐龙博物馆简直震撼，玩转方特乐园开心到裂开！,雨琪在芬兰,https://www.bilibili.com/video/BV1uT421z7x7,83.7万,6978,"芬兰表妹一家第一次来四川，高铁初体验来到四川自贡盐帮菜的故乡！
狂炫当地美食从早上到半夜，一大桌全兔宴端上桌会是惊喜还是惊吓？！鲜锅兔尖椒兔冷吃兔全家暴风吸入，还吃到了我觉得这辈子最好吃的回锅肉！超级惊艳！小包子演示如何啃兔头太炸裂！强烈推荐大家自贡恐龙博物馆，收藏展览的侏罗纪恐龙化石全球最多，真的太震撼了！方特玩到开心到模糊！表妹大外甥期待已久坐高铁，简直兴奋坏了！意外买到的商务舱简直让大家惊掉下巴！惊喜生日派对中式烧烤趴，吃到半夜还在炫！表妹都说回芬兰直接胖三圈！表妹一家都超级喜欢这次自贡之行！收获满满！

*本视频含合作【溪木源】谢谢大家的支持，我们才有合作的机会！

专利号放简介
红木籽：FR3082122B1
前导促渗技术：ZL2020 1 1240114.5
波尔多树叶：US2004091493 (A1)",6.9万,4.0万,6.9万,723,"['分享你的夏日必吃美食', '美食', '美食记录', '高铁', '中式烧烤', '自贡盐帮菜', '外国人中国行', '自贡', '方特', '四川美食', '老外吃中餐', '外国人吃中国美食', '炎炎夏日·美食解暑气']",2024-08-28 16:53:47
天命人的棍式V齐天大圣的棍式，你大圣还是你大圣。,精致的小郁,https://www.bilibili.com/video/BV1m1sue8EQc,199.4万,310,Not Found,12.7万,1753,12.7万,2334,"['黑神话天命人来也', '游戏', '单机游戏', '《黑神话：悟空》8.20 直面天命']",2024-08-28 19:37:36
一个专业的饲养员，第一要素就是跑得快，一定要比鸵鸟跑得快每小时80公里的时速和摩托一样快！,惠老板和鸵鸟,https://www.bilibili.com/video/BV1GnsHeTEtr,418.8万,537,-,14.0万,1950,14.0万,1142,"['动物圈', '野生动物', '鹦鹉', '摩托', '鸟']",2024-08-27 10:16:35
帝国主义囚笼中的非洲，离自由还有多远？【电子地图册】,小王Albert,https://www.bilibili.com/video/BV12T421z7wT,86.6万,5640,一键三连推荐给更多朋友！,6.5万,1.9万,6.5万,1479,"['好书好价 读书真香', '知识', '人文历史', '独立', '历史', '非洲', '泛非主义', '撒哈拉沙漠', '帝国主义', '黑非洲', '殖民主义', '柏林会议']",2024-08-29 17:00:00
搭建一架水滑梯玩水实在是太爽了！,查大本事,https://www.bilibili.com/video/BV1PT421z7cE,340.4万,705,Not Found,2.7万,3321,2.7万,228,"['生活', '搞笑', '生活记录']",2024-08-27 17:01:43
一弹成名，见证历史的相机？索尼A93体验,影视飓风,https://www.bilibili.com/video/BV1BE4m197ze,83.4万,4496,因为一颗子弹名声大噪？全域快门它到底为A93带来了什么，又付出了什么样可见的代价？索尼史上最快的相机到底怎么样？如果你喜欢这期视频，请多多支持我们，并把视频分享给其他有需要的朋友！,6.8万,2.2万,6.8万,4188,"['科技猎手', '科技', '数码', '评测', 'SONY', '索尼', '相机', '数码', 'A93', '拍摄', '全域快门', 'a93', '科技猎手2024第2季']",2024-08-28 17:00:00
看爷走漫展,害羞7,https://www.bilibili.com/video/BV1Zr421P7Th,79.1万,302,Not Found,5.5万,4849,5.5万,535,"['原神创作者交流会', '时尚', '仿妆cos', '二次元', '漫展', '害羞7', '社死', '荧', 'Cosplay', '整活', '原神', '原神fes']",2024-08-29 16:27:33
你的召唤兽是灰太狼，只要羊肉管够，灰太狼直接给你手搓变形金刚 《智能狼王》1-666,黄豆芽解说,https://www.bilibili.com/video/BV1eKHMetEx3,120.6万,32,《智能狼王》1-666,5264,1516,5264,2,"['动画', '综合', '脑洞', '灰太狼', '原创动画', '手绘', '漫画', '动画', '动画解说']",2024-08-29 21:05:00
全网首踹，踢死大圣,逗川kshadow,https://www.bilibili.com/video/BV17y411v7XN,52.5万,3967,Not Found,5.2万,4.2万,5.2万,4931,"['黑神话天命人来也', '游戏', '单机游戏', '娱乐', '大圣', 'ARPG', '沙雕', '动作游戏', '《黑神话：悟空》8.20 直面天命']",2024-08-30 16:20:02
悟空，黑神话打到哪关了？,安提米苏,https://www.bilibili.com/video/BV1gFsuewE4F,65.7万,1353,老祖救我！ 吗喽 你想学些什么卦术呢？,9.2万,4782,9.2万,8134,"['黑神话被鬼畜了', '鬼畜', '鬼畜剧场', '悟空', '西游记', '黑神话悟空', '天命人', '菩提祖师', '虎先锋', '鬼畜剧场', '鬼畜星探企划']",2024-08-28 20:18:14
来自劳动人民的智慧 教给你各式各样的绳子打结法！,高先森1988,https://www.bilibili.com/video/BV1A2421o7S7,137.4万,451,-,13.2万,9701,13.2万,1540,"['万物研究所', '知识', '科学科普', '科普', '打结', '智慧', '绳子', '劳动人民', '不同场合', '打结方法', '万物研究所·夏日探索计划']",2024-08-25 23:56:20
<红楼梦怪谈>贾府有一半人已经变成鬼了……,雪妍故事,https://www.bilibili.com/video/BV1VbsNedEFV,161.8万,8,-,4745,813,4745,13,"['国创', '国产原创相关', '动画短片', '怪谈']",2024-08-28 12:07:49
“机器人在机械舞比赛中获得了第二名”,发条人vall,https://www.bilibili.com/video/BV16E4m197S4,278.3万,1712,Not Found,36.2万,1.3万,36.2万,6839,"['全民街舞计划夏日季', '舞蹈', '街舞', '原创编舞', '俄罗斯', 'DANCE', 'POPPING', '机械舞', '街舞', 'Robot vall', 'ROBOT', 'Popping']",2024-08-26 18:48:38
【星铁】老板让我给他拍张照,方老师来啦,https://www.bilibili.com/video/BV1aU411S75i,81.3万,515,"嘿嘿嘿椒丘的小尾巴 嘿嘿嘿椒丘的小尾巴 嘿嘿嘿椒丘的小尾巴 嘿嘿嘿椒丘的小尾巴 嘿嘿嘿椒丘的小尾巴 嘿嘿嘿椒丘的小尾巴 嘿嘿嘿椒丘的小尾巴 嘿嘿嘿椒丘的小尾巴
	---------制作名单----------
	分镜/视觉/监制：方老师
	脚本：鸟鸟 方老师
	美术：慕椿萱 方狗勾 罐罐 呱呱 阿云 万岁 小A 刀刀 面面 慧骃
	视效/剪辑：十灰十 小怪 方老师
	配音老师：范小飞 番茄鱼 沧海簌 妄崽 星酱 kaii",9.1万,3889,9.1万,1167,"['动画', '同人·手书', '动画', '手书', '搞笑', '崩坏：星穹铁道', '飞霄', '椒丘', '貊泽', '明霄竞武试锋芒', '星穹铁道同人汇', '景元']",2024-08-28 09:00:00
随便拍段视频，发给营销号剪辑，结果太炸裂。,摆货小天才,https://www.bilibili.com/video/BV1uU411m7en,106.9万,451,-,17.7万,4431,17.7万,1.8万,"['搞笑小剧场开演了', '影视', '小剧场', '影视剪辑', '原创', '剪辑', '搞笑', '瞎编', '营销号', 'B站剧情创作人2.0']",2024-08-30 18:23:58
我的肛门很强【阅片无数3rd 51】,凉风Kaze,https://www.bilibili.com/video/BV1bf421e7Ew,101.6万,1490,我也不知道为啥就跟上集联动了,8.6万,8552,8.6万,587,"['搞笑研究所', '生活', '搞笑', '搞笑', '高能', '杂谈', '吐槽', '沙雕', '名场面', '阅片无数', '搞笑研究所2024 5.0']",2024-08-28 22:00:00
我家的面积永远是个迷,爱摆牌的龙龙1代摆,https://www.bilibili.com/video/BV1QtsAemEAZ,83.9万,870,-,9.8万,3.1万,9.8万,2071,"['生活', '手工', '生活记录', '手工', '原创', '黑神话悟空', '解压']",2024-08-28 09:34:02
史上最励志的黑神话玩家！身患脑瘫，却靠呼吸机战胜虎先锋！,老油条说,https://www.bilibili.com/video/BV1Bb42177Kw,75.0万,574,你们才是真正的大圣残躯吧...,16.3万,2930,16.3万,1610,"['游戏', '网络游戏', '黑神话悟空', '黑神话']",2024-08-29 15:04:36
『诡异警示牌』湖泊中有龙形生物出没？是水怪？,L探员,https://www.bilibili.com/video/BV1yZ42157dw,504.9万,178,Not Found,9227,1912,9227,61,"['人文历史档案馆', '知识', '人文历史', '水怪', '奇闻', '冷知识', '行走的人文', '未解之谜', '趣事', '警示牌', '梦核']",2024-08-26 20:17:50
"""风和我都是自由的"" |《纯音乐神曲大合集》",peach63,https://www.bilibili.com/video/BV1vW421X7Gu,34.3万,1075,给个三连，好运连连！,5.3万,4616,5.3万,598,"['电台新星征集令', '音乐', '电台', 'BGM', '歌曲', '歌单', '纯音乐', '音乐选集', '卡点', '合集', '精选歌单', '日推歌单', '电台新星征集令2.0']",2024-08-27 18:46:46
