"设定记得好像就是末法时代,凡间混乱不堪"
啊？卯日星官是晖月魔君？
这怎么牵扯到太上老君的
也符合生物学规律，蝎子胆子很小，容易被噪音吓到
28星宿和孙悟空的关系都不错吧
肯定会出dlc的而且不止一个
看看魂游 那才是谜语人
我也试过，变身就会被打回原形
西王母的金钗一划可以划出一条天河隔开牛郎织女
也不算是过度解读，黑本来就是要解读
不忘初心是吧
游戏科学要是不出个dlc 那就真的算是个烂尾游戏 第一章到最终章坑埋的太多了
道德天尊很道德
有没有可能那个鹤是太上老君的坐骑
不是实力不够，是时间不够
为什么？因为都跟猴哥关系比较好，以前跟八戒一起救过猴哥
王灵官相当于是天庭的纠察大队队长
都帮过猴哥
他可是长着玉帝右手的男人
这理解是黑神话的黑神话吗，脑洞大又有点合理
第一步还不是无敌，第二步必将是无敌
我不认同这个观点，牵扯到王母，又没牵扯到太上老君
我三面环山。。。不好意思串台了
卯日星君。
鹤仙人的影神图有面旗子写着太上
看她的影神图可以知道她喜欢卯日星君
炼丹
男婴被镇元大仙拿去培养人参果啦
保安？道教最高护法神！人家可是玉帝亲命管理整个天宫的秩序
这不是我以前随机收到一个小说一虫筑基丹吗？
重走西游路，再闹凌霄殿
这章最后的图，鹤仙人背后举了个旗子，上面写着太上
这还不够碎片吗，哥们游戏内书是显示方式而已，有多少字啊
黑神话不是魂！不是魂！就是动作游戏，强惩罚机制都没有。叙事也不是碎片，梳理那本书里的内容就能很清晰明了了，魂类游戏绝不会出一本故事集。
原著里金钗好像是毗蓝婆的法器
《房中术》
如果先打了毒敌大王，再去晦月魔君那里会把一部分血量扣除
黑神话不是魂类吧
人也，兽也；佛也，妖也。
可能是嘉靖道长
2年内不知道能不能玩上DLC，十年内故事不知道能不能完结
克系修仙
黑神话不是魂类啊
中国游戏无敌！
中国游戏无敌
前作他也是主角，斗战神说的就是王灵官
。。。玩过魂就知道完全不是一个味道
你别说，基础玩法和对战逻辑真的有魂味的
幽默热搜
这都大几万字了吧，还碎片啊？
讲英雄联盟还是王者荣耀？我没玩过这些游戏我听不懂这个形容方式怎么办
老神仙莫不是等于老天使哈哈哈，太上老君
幽默第一
B站特色一播放40赞
希望四妹炼成的丹能多加点属性
现实也差不多
西游记原著本来就是这样的设定，神仙吃人都是“依本份”
这不是魂！跟魂类差别很大的。
只狼个坤，这种是类战神
妙啊妙
8000人出来吧
这剧情有点不知道咋说
但黑神话肯定是类魂啊
捻兰花指的菩萨和佛多了去了
丹阳子
火焰山土地就是太上老君的弟子，也在火焰山搞人体实验
这个剧情好西方化
是检察官啊
克苏鲁
支持
中国游戏无敌
中国游戏无敌
你家电视剧，跟游戏一样一拍好几年，没人规定必须要讲完
翼火蛇？
中国游戏无敌
中国游戏无敌
百眼死的时候叫的是道祖救我
因为这些人都是和大圣关系好的啊
喜欢剧情的可以看看，两本书，悟空传，西游日记
这游戏没了法术就是类魂了，差别真的不大
中国游戏无敌
碎片化是没能力讲故事的遮羞布
中国游戏无敌
这些事就是大圣放弃编制回花果山的原因吗？
其实蛮明显 避免宗教上的. 改个名字合理的
你哥俩生异形么
中国游戏无敌
毗蓝婆菩萨难道不是那条蛇吗？一直说从小看晦月魔君长大所以下不去手的那位
中国游戏无敌
后续作品？四五年才憋出这一部不长的黑猴，这次即使赚大了，后续感觉还是遥遥无期
相当于首都警备司令
天庭唯一成天把炼丹挂嘴上的道人就是太上老君
鹤是新任的卯日星君，应该是老君的手下
有没有可能是老君信使？
中国游戏无敌
真正的天命人是过全部BOOS触发的剧情
恶堕
中国游戏无敌
不算魂 而且也不是碎片化叙事整个剧情线路很清晰其他的只补充能不能不要沾到点就是魂啊
没事，王灵官的手最后还是从脑子上扯下来了
中国游戏无敌
琵琶精他老婆
灵山也太捞了吧，没点对天庭的战绩吗
怪不得说百眼忍辱负重，分发大圣给他
前方高能预警
中国游戏无敌
子母河的水喝了不是只能生女儿吗
佛本是魔~
魂学长应该不知道仁王这游戏吧
啊？什么碎片化叙事？
视频都没几秒了那还来得及刷
中国游戏无敌
再说不是类魂的建议自杀重开，因为活的不是一个世界
？？
啥？不是蛾子？
元始天尊的弟子12金仙中间一个
辰龙说他在天庭见过琴朗
原著更黑，自己去做时间线，看同一时间段里都发生了什么事件
魂历代都能换武器玩魔法，只狼是个锤子魂
万物起魂
玩过斗战神的都知道。
这是豆丹！美食啊
红孩儿不是夜叉是什么？
有可能是太上老君的坐骑线盒
红蛇提到过毗蓝婆菩萨
？
暗讽西方国家和美国的病毒实验室，现在有放更猛的了，大家要除蚊子防病毒啊
异形？
中国游戏无敌
萨坦圣：太上老君最像我
无伤打到一半，反而被剧情干趴下，这就是背后无形的手
信息量大  语速快 不知道你这视频怎么做的
四妹，想你了
这就是太上老君
啊？！
天哪，毒敌大王这么强他怎么打的过的呢
这样有点像日漫的地狱乐的剧情
亢金龙没死
很多隐藏的剧情都能在人物介绍里了解到
中国游戏无敌
斗战神的剧情也很好，只是可惜了
蜘蛛侠（dog）
游科建议玩70多个小时通关
热知识 黑神话不是魂类
其实这一段儿是那个白眼魔君跟那个鹤仙人搞的.以他们的级别还够不上太上老君
仙峰寺？
这帮仙人有仙班应该凑齐残肢是能重回大道的
不是说佛手像是菩萨的吗，应该就是毗蓝婆的
未必 也许是葛天师呢 毕竟王灵官是葛天师度的
西游本质是道家给佛家设的局
菩提老祖需要悟空整顿天庭和灵山
菩提祖师之所以收悟空，就是为了整顿
这就是天界垄断的长生资源制造
我记得元杂剧应该就有类似剧情吧
不能细思，这个虽说是神话，缺一一能对应到现实
异形嘛这不是
万人血书《隐神图》出书
中国游戏无敌
我感觉应该是太素，打百眼的时候他说有太素撑腰
末法时代
不好意思，听成了生出叉烧
中国大战阿三？
所以，到底是guanka还是guanqia？
中国游戏无敌
琴螂仙：山海经的异兽也没比我好到那里去啊喂！
原著里还有很多黑暗的东西不让讲，影视剧和电影都是美化呈现好的一面给观众看
"这里面昆仑应该也是西王母的,因为鹤仙人提到了""娘娘"""
原著也很黑啊
打上天庭跟灵山
鹤仙人亮血条！！！我的四妹啊！！！
细  太细了
无敌
哈哈哈哈哈哈
不太可能是太上老君，这位的逼格太高了，和玉帝一个级别的
这是客观事实的写照
中国游戏无敌
究极异兽
中国游戏无敌
不要飞升，不要飞升
nbnbn
所以另一颗仙卵炼化了牟日星军是吗
中国游戏无敌
那你这么在意不尊重原著这事你去刷差评吧
处处学魂也来了，你游戏的起点是魂，别人可不是
中国游戏无敌
中国游戏无敌
中国游戏无敌
坤体改造
鼠人是灵吉普萨搞的
我记得百眼说过要用根器摆脱昆仑的控制
寄生修仙
无敌了真无敌了
jj；kgjjl
做视频图都找不明白？
中国游戏无敌。
毗蓝婆菩萨也挂了   那两只手就是
中国游戏无敌
太上老君真身就是鹤啊
夜叉和修罗不一样     修罗也叫罗刹
中国游戏无敌
中国游戏无敌
原著不是玉帝和老君都有权力之争么    玉帝提高佛教地位来和老君玩制衡
够黑的啊
魂学长别急
没说这是魂，魂学长别急
三花聚顶羽化登仙
黑神话除了没死亡惩罚别的都是照标魂系，可别嘴硬了
跑路了吧
不是魂，别拿魂说事了
灵感源于生活嘛
灵感源于生活嘛
纠正：这些是琴螂凡体是琴螂仙产的血卵自然孵化而成，那颗仙卵孵化出来的才是琴螂仙
王灵官是道教第一护法神，是雷部二把手
德特里克堡？
把中国游戏无敌
礼乐崩坏
中国游戏无敌
末法时代
尾后针！！！！
那六丁六甲才一半不到肯定还有的
？
不可能是太上 大概率是太白金星
就是魂 就是魂
这可是物业经理
中国游戏无敌
什么虎狼之词
打中二郎神变的动物 他就变回来了  看谁出手快
什么叫“只是”借用西游记背景，黑神话写的就是西游记后传同人文
+
生化危机
这是米国吗
应该不是太上老君
中国游戏无敌
哪里有五五开？我要起立了！
中国游戏无敌
中国游戏无敌
说不是魂游真的自欺欺人
肯定是他了
那看来灵山也没少干
中国游戏无敌
中国游戏无敌
RNM天庭！
亵渎
好像只有一个受害者
左下角乐言
三国的故事也是三国志拼出来的
长生不老神仙府，与天同寿道人家，人参果树婴儿土，化成树上人参果
中国游戏无敌！
什么灵王的右手
牢君
ARPG，鬼泣类游戏
王灵官英文版叫最高督察
中国游戏无敌
黑，真他娘的黑
中国游戏无敌
即便鹤道人不是太上老君是老君的童子之类的，鹤道人干的事就没有老君在背后授意吗
谁跟你说的一天换一个不许污蔑女王陛下
指太白为太上
法布尔狂喜
跟俺一样
越看越像ame
中国游戏无敌
潮汐粥粥的吧，你可以说借鉴
原来美国的异形是看了山海经啊
中国游戏无敌
红孩儿还真是超雄
《印第安人保护区》
中国游戏无敌
他们都是取经路上帮过悟空的
都有 妖神了 人本就该低一等  没实力 想什么呢
神话里 人只是 女娲实验的产物
百目是什么情况啊
不看字幕好多听不懂
所以这里如果是太上老君，就不会黯然
无敌
佛教一直以来都不是东西
这个就不要和原作放一起说了，原作王灵官不是所谓的保安，是妥妥的道教护法神。
哦，好像亢金龙也是下来找黄眉要人的，结果两个都失踪了
高级保安？锦衣卫头子！他头上的手是玉帝的右手，代表玉帝亲至
西游记本身就黑
终于向道教下手了……
怪人心脏？
越做越好，快给我端上来续作！
白鹤本来就是道家的的代表动物还在这说不是
不可能太白，差远了
百目被打喊得谁，太真护我还是啥，一看就知道谁
左手呢？左手去哪了？哦，左手隐身了啊
是调查猴子的
游科墙角都要被挖完了
呵，你不做这事何谈威胁？
中国游戏无敌
你要这样说的话四大天王天庭众神都与悟空称兄道弟，全要血洗一遍，包括老君。
啊粥把西游记解读的角度和黑神话一毛一样！
。。。别乱来别乱说别乱黑啊。。
要说和悟空关系不错的，天庭全是悟空兄弟，老君也是猴子的忘年交......
本来的西游记也不光明吧，灵山脚下全是吃人大妖
不是，这不是因为百眼魔君拿了大圣根器才打赢的么？
黎山老姥？
妖王不是受根器影响变成那样的是因为根器变强了展现了自己的野心吧
鹤仙人就是太上，影神图很明确
那不还是受害者？
对我也发现了
中国游戏无敌
中国游戏无敌！！
也有可能是天帝啊
游戏里也被打得怀疑人生
昴日坤
所以天庭和佛家也在相互对掐
太上老君？有证明吗？我怎么觉得太上老君是天命人这方的？
小张太子四魔将和龟蛇二将在小西天遭难也没人来管
我勒个去，这把高端局
都城警备团团长吧。
中国游戏无敌
玉帝锦衣卫
结局的画卷就画着鸟人边上举着太上的牌子
红依影神图里写的更像是亲戚表姐堂姐一类的
也有可能是看到金鱼以为大圣和神仙都吃人练的仙丹所以绝望了
中国游戏无敌
又要等7年？
中国游戏无敌
也符合原著
这应该是太上老君的传话太监
这个游戏无敌
游戏剧情不要代入到现实的佛祖菩萨里面去
太长老君 = 大卫
都该图图了
内炼成丹  外炼成法（四妹能不能活就看这句话了）
佛道天庭三方势力
从来没有这么讨厌过太上老君
孙渣脑洞的含金量还在上升！
北约
[]
真人体蜈蚣
小黑子！！！！！！
怪物细胞，一拳超人一样的设定
人家都说来自黎山来你看不出她是大人物？
像之狼仙峰寺的剧情
太白金星：啊？
黑系游戏
DCL肯定会更快的 不用3年
西王母就是元始天尊的女儿，而仙桃是嫁妆！
冬虫夏草是吧
啊？
可怜呀
《致敬原著》
啊？
中国游戏无敌
阿美丽卡
直接黑到底 解析是吧
游科还我四妹
毗蓝婆法器是绣花鞋，不是簪子！
诶这里就不得不说关于西王母的阴谋论
md星不对应魔啊
这段不错
中国游戏无敌
说的也没错，地方与中央
无敌
太白金星：我成太上老君了？
唉，就是一伙的，是王母还是太上，都一样
中国文化无敌
注：黑熊精是正常的
这说的不是不愿意吃的那几个人么，变成虫子才是他的目的
这是对的
DLC，大圣归来，端了他天庭，还有各路佛陀！
不是太上老君，也起码是他亲近之人
握草，细啊
主体还是一只鸡
这是重女轻男，因为没女的才不高兴
中国游戏无敌
中国游戏无敌
观音也帮过，有本事搞观音去啊
游戏里出现的几个星官...结局都不咋好...
在盘丝洞会遇见好几个毒太子....
......
..........道侣=炮友
癌
二郎神表示  太下作了
太真
什么生化危机...
夜叉族...灵山的黑手套....
中国游戏无敌
毗蓝婆菩萨好像跟天庭就是不对付?看不惯天庭?
本相卯日星君打鸣是预示朝阳升起，这个鸣叫就是血月
蜣螂登阶！
蜣螂登阶
说西游记本来就这样的是从营销号那看的西游记吗
这是太白金星。。。哎
斗战神就有一个天庭副本叫炼妖工坊
原著可没有这么黑
西游记原著就是这样的
因为西游记里大圣变身术就不如杨戬，所以杨戬的攻击只要打中变身，变身都会消失，
很快：指能帮你打完一阶段
哥哥
中国游戏无敌！
子母河怎么生出男孩的，有这个能力请教教女儿国
这应该是魔将的手吧，就是那个倒在雪地的巨大尸身
？
或者一切都没变，不过是被那金玉其外的外表给骗了
异性？
中國遊戲無敵
推出。。
我全程打下来就毒敌大王卡了我一个多小时死了二十多次
什么时候战神成魂游了那黑神话确实就是魂了
美利坚德特里克堡
仙鹤道人是太白金星，太上老君不驾鹤
魂别沾边，众所周知魂是回合制游戏
佛道就没有大战，如果这样解释最后故事逻辑就不能自洽
又是某粥的经典语录，什么对抗？别胡咧咧，儒释道是一起的
四木禽星。。。
抱歉我没看攻略，全流程走完也就50小时
合格“天命”人，就是天庭的打工仔
真住手
如果没记错的话，刚才那张图是太白金星吧
什么背景图
怕是出道既巅峰 后续再无了
度化的这个有罪者好像是卯日星君
维兰德汤古老君
你知道污蔑太上道祖的下场吗？
不是，真有鸡哥参与呀
还在魂魂魂没玩过战神？
原著是悟空传 不是西游记
鹤仙人不是太上老君，看隼居士的故事
我看是摩斯拉啊
王灵官独来独往，唯独和老君关系好
看佛手怪的介绍 左右手好像是毗蓝婆菩萨的
她老公就是指昴日星官
原著确实也好不到哪里去
西王母和王母不是一个人啊
一周目70小时，完美结局，全支线，88%成就不看攻略不用轮椅，40小时绝对是走捷径了没好好探索
你连灵山和天庭都分不清就别瞎说行吗，灵山是佛祖菩萨们的势力，天庭是众神仙的势力
寄生修仙
这个设定集必须出周边
盖世太保（
也是猪八戒的妈
缺了大德了
怀疑后续有DLC
？
太上老君:我一个圣人善尸 有必要吗？
过度解读
其实就佛教和道教两派斗争 就像冷战 都是暗着斗 手段也黑
其实更是为了猴子
百眼魔君最后朝天上大喊师傅救我 我觉得他师傅就是天上的神仙
黑神话，里面跟猴子取经有帮助的都很惨
影身图里说的是她在天上 正好玉帝给卯日星君受封 他觉得这小伙眉清目秀 很是喜欢
人家不叫西游记：悟空，叫黑神话：悟空。
这从外形和攻击方式就看的出来啊
以前女儿国那只蝎子精是他夫人
卯日星君也是被做了实验了
把琴螂仙打死以后 可以把幼体交给辰龙 辰龙也知道这玩意叫琴螂仙 说明他在天上的时候见过
四个蝎王子加毒敌打死齐齐整整成就
东西厂大督公
晦月比毒敌简单，晦月0命过的，毒敌打了四遍
可爱捏
中國遊戲無敵
这是老神仙太白金星，也是为数不多真心对猴子好的人之一
他们都实实在在帮助过悟空，是刚正不阿的人，天庭要除了他们
代言人的地位怎么会低，把代言人和原主对等，从哪看来的错解，不是过度解读，直接往错解了是吧
想到金钗就西王母的金钗了？你怎么不说这是薛宝钗的钗子，过度解读没跑了
无敌倒不至于
所有妖怪都有完整的设定，不算瞎扯，总比阴谋论写得好
鹤仙人就是太上老君大弟子，南极仙翁
原著玉帝的逼格三界所有神佛都比不上，天庭有玉帝一个都足够了呀
还以为是大喜虫
外来物种
标签不是官方打的
也就是白素贞她师傅
中国游戏无敌
啵丝
小黑子哈哈哈哈
我勒个村里人啊
可不止蝎子
并非保安，高低有个贴身保镖级别
？
前面那个，夜叉罗刹是一个种族，男的叫夜叉，女的叫罗刹
好一个道诡异仙
另一只手在毒青蛙嘴里
被分尸了，两个手一个在虫子那一个在青蛙嘴里
昴日是战败被喂药了，亢金龙是下来找他的，结果被黄眉收了
佛手
毗蓝婆 原本是道教 后改投佛教  你猜道教会这么处置
章节动画过去结尾提了一嘴那昴日星官叫死了个蝎子精
打上天庭，以我残躯化烈火！
寄生修仙
国王之手
关卡(qia)
事实比想象更黑，不能接受想象，拿什么面对现实
很符合现实
中国游戏无敌！
再打翻一次炼丹炉
'4
吐字快，而且清晰！
空洞好评
会不会.是说祖国话就不迷了
悟空，无敌
二笔
黄神话：八戒
西游记本身每个年纪就有每个年纪看到的东西本身西游记就是万历朝的朝中士大夫搞出来的内容真就不止八十一难这点东西长大了细看全是人情世故官场黑暗
管那么多，反正我要救四妹，管那鹤是谁，漏血条就得死
金丝蚕？血玉蜘蛛？
影神图里面写了啊，红依是鸡的同辈、邻家姐姐而已
这里up说错了，红依的影神图里面有介绍她的身份。
都帮过大圣
打晦月的时候他叫声很像鸡叫，之前就觉得奇怪原来如此啊
昴宿也是被天庭弄下来当试验品的
这还勉强呐？
这个是魔将的吧，魔将原来是神将也是佛门的
中国游戏无敌
中国游戏无敌
"呵,要不是剧情杀我一拳打死王灵官再脚踢这只死肥鹤,然后拿去红烧"
有龟仙人么
百合
人体蜈蚣
中国游戏无敌
好有克味
一一一
卧槽卧槽卧槽
我觉得这游戏还是按封神世界观来的 百眼最后喊的也是昆仑
40小时起步的流程不长，你就硬云
就是太上老君，不是太白金星，游戏里写的很明白
虽然up这里搞错了，但确实百眼的师傅是太上老君，后面有证明
无敌
西王母怎么就批准了
老熟人
西王母和王 母不是一个人
黑神话悟空无敌！！！
就喜欢看各种有理有据的阴谋论
这又不是魂
昆仑元始天尊吧
剧情就是碎片化的，炸出一堆云
期待黑神话哪吒或者黑神话封神榜
哑巴 沉闷 严肃 古板的悟空 没人爱
对的，导致悟空根本没打进凌霄殿
果然是黑神话啊
被这个打到的话节目效果拉满
2026年《黑神话：金蝉》
你也下不去手？
道爷我成了
现在天下也是如此
中国游戏无敌
我是叮当猫的爹，柏辰的爷爷
man
原著也差不多
原著里写了老子化胡为佛，还是太上老君自己作的孽？
中国游戏无敌！！！
中国游戏无敌
虫草~~~~
听不懂
尸鳖玉俑
这个是太白金星。。。
原著太上老君送给猴子吃了那么多仙丹，对他也是极不错了
蛊真人
受86西游记刻板影响太深
游科多次强调了是类似arpg游戏 战神都没玩过吗？
显然是仿照了生化危机
巫师系列做了多少年啊，到巫师三才封的神作，黑猴完全能做三部
3.0
王灵官资料里也说了，除了玉帝，他在天庭只和一位神秘的朋友有来往
说不长的，打过游戏？
这很现实
打boos百眼的时候有一句台词，道祖在上，我当时就想到是老君了
黑神话就是ARPG
中国游戏无敌
原著解读过度的阴谋论，什么本来就黑？
仙丹（doge）
子母河里的水，是不是就是电影异性里的黑水
生异形啊
生化危机
我觉得毒敌比魔君厉害。。。。。。
这才是神话
前面的，你把原著翻烂了也没这段
731真传
跟女娲娘娘是不是有什么关系
五通神
中国游戏无敌
关qia
第一部真的好多设计都很青涩，期待进步了
跟痋术似的
暗藏玄只因
异形是吧
百战天虫
牛逼啊
入茧飞升
为什么打倒老君
原来是至尊宝啊
china no.1！
中国游戏无敌
异形
蝎子精
最后生还者
呜噜呜噜讲得一团糊涂
晦月魔君就是昴日星官
这相比其他魂like，已经够整的了，确实可以说不碎片
百战天虫？！
《真飞升》
无敌
中国游戏无敌
还有那个蛇脖子的老虎
我不会说中国游戏无敌，我只会说 游戏科学这波无敌
都是跟悟空关系好的
是的目前只有两种
卯日 晦月 一看就是黑化了
尬
dlc，起码也得3年后了
不是所有动作游戏都叫魂类 明显悟空不够魂 都没有惩罚机制
有种在看悟空传的赶脚，还有吗快点呈上来，我爱看
不是第三魔将的吗
是的，原著就是反封建，天庭代表封建，这就是原著的设定
那玉帝不是少只手了
这么说天命人比悟空强
跟悟空五五开
黑什么黑天地以万物为刍狗罢了，你会在乎一只蚂蚁的生死么？
一个合格的猢狲
讽刺？但毒敌大王带着小蝎子自立门户了，女的觉得被歧视也可带着小崽自立门户啊，讽刺了谁
第一护法神
公鸡是克蜈蚣的
王灵官是天庭御史，类似于现在纪委角色
不对，那不是菩萨干的吗？
樱:士郎？在想我的事？
这句话你变成别的也会说
故人刹现
蜘蛛精都老了，蝎子精还没死？
第四回的画卷上鹤仙人身后都举太上的牌子了，还能是谁
红孩儿就是夜叉，铁扇是罗刹，前面的弹幕没搞清楚就发言了属于是。
细度西游记也能明显感受到这层意思。
坤哥
鹤道人不就是太上老君
非常重口味
这叫飞升，游戏里居然把成妖说成飞升，有点细思极恐了
别黑大蛇丸大人啊，但好歹那个咒印还是真的能增强实力，这玩意儿吃下去直接就挂了
中国游戏无敌
这才哪到哪啊
不是哥们？为了流量。老君你都黑？
我去，空洞骑士
那剧情一直没有说天庭为什么黑?
大蛇丸人家是搞医学的，他也不是搞药学的啊！
为什么不能是太上老君弟子等？太上可是原著中的三界第一
这应该是魔将的，你看魔将的影神图就知道了
无敌啊
中国游戏无敌
清剿和猴子关系好的一切啊
母系氏族蝎子精
我一周目50小时
中国游戏无敌
原著讲的是政治博弈和斗争
还有一个细节就是第四回最后的图里，鹤仙人旁边拿扇子的小妖，扇子上写的太上
有一个细节就是第四章末尾那个图，百目上面有个童子提线操控
紫云山是还没服用 。 所以里面的道士都是人性。迷倒人服用才变的。 外面道观就有一家变成的了
目前来看的话，还是佛教更不是东西一点
佛道之争
什么731
你提空洞骑士，咱们就是朋友啦～
0.75倍速听正好
房中术？
尾后针！！！！
你执杖啊
王灵官也不好打
给我诛仙剑把这些神仙都诛了，好给四妹报仇雪恨
虫羽化飞升？
毗蓝婆跟天庭也不合
戮蛊
天地不仁，以万物为刍狗
中国游戏无敌
中国游戏无敌
原著里朱紫国那一章都明牌了 就是讽刺我大明
原著就是影射明朝啊
中国游戏无敌
中国游戏无敌
中国游戏无敌
没有直接证据是老君吧也有可能是其他神仙吧
中国游戏无敌！
中国游戏无敌
映射作者当时所处社会环境！！！
接下来是付费解锁剧情
那些说西游记本来就是这样的，翻过一页西游记吗
卯日星君是被天庭杀害了
man
对的 悟空也很符合原著 背信忘义 不仁不义
金钗是王母给的
通关主线只有50%的剧情。隐藏分支剧情50%
不务正业？
再解读下去，这游戏要被禁了
天庭是道教，灵山是佛教，西游记原著中就有很多细节暗示天庭对灵山的施压，例如去灵山脚下入口处的小雷音寺就由道长看管
这不就是《只狼》里面的虫附体
这段剧情很像生化危机4，又是爆头虫又是左右手
40h就全成就啊
为什么会忘了第一章呢？金池长老那小怪回血，黑熊精也是想长生
不过天庭为什么要搞这些人体实验呢？
我也是四十小时解锁全图鉴通关
中国游戏无敌
40小时，爆肝
纠察管
中国游戏无敌！！！！
被搞就是为了报复当初西游的时候，毗蓝婆站队西方的事情
王者荣耀书迷以为西游讲的是打怪兽？
和卡婊QTE之怒动画结局一样，神佛尽灭·灵韵消失·开启唯物世界发展科技文明呗
冯骥：我尊重西游记原著
你这个标题把黑神话往731这边引？
中国游戏无敌
又是阴谋论
不是魂 也不是碎片话  = =
这不就是美国的辉瑞吗？
不不不，这些是生化4的起源倩女幽魂3的寄生虫的后裔
不然怎么叫“黑”神话
中国游戏无敌
咱们老百姓拜的神佛都是妖魔？
感觉不是，是大部分人都觉得天上炼丹只有太上老君，肯定不止一位会
女罗刹男夜叉
西王母，瑶池    让我想起了我和僵尸有个约会
中国游戏无敌
同上
古代炼丹也有用人练的，用孩童
原著不是这样的，原著太上老君想怎么玩灵山就怎么玩灵山
只狼都是魂，还类只狼
修道之人不都是为了吃丹药羽化成仙？
中国游戏无敌。
毗蓝婆就是从天宫慢慢转向灵山才隐居，确实合理
中国游戏无敌！
生下来的虫卵就是藕苞，昴日星官被打败吃的也是这个
？
咪道人
2年半。。。。
这新任的是从披香殿里走出来的那只公鸡
魂类是因为从黑魂开始，就想Moba起源于3C和Dota，给个credit不过分吧
藕苞啊这是
走向国际就得这么写哈哈
主要这王灵官也是手首鸟鸟翅人身
科比：我告你毁谤啊！
中国游戏无敌
这不是蚕宝宝吗
失败的男人
仅仅
萨德勒老君
笑死了，老君保了红孩儿就是好东西了？扯到灵山和天庭之争这点东西压根不能证明老君是好的
中国游戏无敌
靡道人
不是故意投的，你看看晦月魔君的文本，是意外
为什么不能认为是太上老君？滤镜那么严重？没玩过游戏还是没看过剧情？
碎片化叙事就必须是魂游吗？就是一种叙事手法而已，这么就绑定魂游了
这公蝎子十分硬气哈哈哈~
看出来了和孙悟空交好的都被天庭灵山的阴了
石中人特搞笑
多样性
章节太少了天庭跟灵山没彻底铺开，四五章就有点谜语
分尸
感觉跟悟空走得近的，都被天上的神佛阴了
？
中国游戏无敌
黄眉看起来反而是个好妖，做社会性试验的
还记得虫总兵吗？他说求我们杀死他
这人嘴真凑啊
被星君一嗓子吼死了
严格来说应该叫类魂游戏
不刚说一枚做实验，一枚孵化吗？你这前后矛盾
中国游戏无敌
借题讲厚黑学
中国游戏无敌
其实大可不必开这个摄像头，保持点神秘感挺好
中国游戏无敌
广智救我
中国游戏继续加油
因为有西游记原著的存在，所以这里面的碎片化不算是魂类的故事叙述，只能是补充设定
珍惜这个游戏把，估计以后要改名红神话了
啥游戏都非要和魂挂上钩，是不是除了魂就不认识别的游戏种类了
尾后针！
难道就不能是白鹤童子？
毗蓝婆菩萨本身就是嗜血恶妖 放下屠刀立地成佛的菩萨，就黑神话的理念，这等能力超凡的恶妖肯定也是不被信任的，在这部作品里毗蓝婆和眼中生出的灵子前昴日星官被害也就不奇怪了，
你别说！哪吒就是人体实验最成功的！
不要黑道教ok比佛教强多了
艺术源自现实
注意，黑神话的剧情依据不是西游记，而是一个同人小说叫悟空传，而且黑神话前作网游斗战神的剧情也是根据这本书创作的
那也不好说，太上老君和悟空后面关系也还算可以，何况悟空还有天庭中猴子还有太白金星这个后台不好说。
打不死，给剧情杀了
！！！！！！！！！！！！！！！！！！
科学家？？731部队吧
没有战斗能力，二周目一下差点给我喷死
无敌
最怕小鬼云游几个游戏觉得对魂类了如指掌
别杠了别杠了，是不是魂有那么重要吗
有点像看小说飞天
中国游戏无敌
在道教里太上老君元始天尊和老子其实是一个人
丈育一本书没看过做视频也做到百万了
应该是老君的坐骑仙鹤
才？四五年能做出来这个长度质量已经很尽力了
mkakdsxdtytgjgamkeykaykqkgkakglmk
罗莎莉亚！
中国游戏无敌！
药是西王母给的
果然还是佛道之争啊
鹤仙人从兜率宫而来，兜率宫是谁的地盘
人脓
【【【【【【/“】【=‘
不好意思，斗战神里面的子母河水，男的女的都能生，所以说黑神话的背景是谁？这不一目了然。
而且是佛手..
西游记本来就是悲剧，体现官场游戏规则，也有韦吻的作用
毒敌比它难打
牢大也干了
中国游戏无敌
语速太快了
猴子：这剧情咋反了
这是太上老君还是辛吉德
帮过孙悟空西行的都很惨
怪不得能评论的头头是道，原来86都没看过厉害了
敢这么黑老子？
说背后的人是昆仑上面的人，明显是原始天尊啊，埋着姜子牙伏笔呢
还隔着魂呢
希望用DLC的形式补全13个章节
up不仅没看过西游记，甚至86西游记电视剧都没看明白
有没有一种可能原著也是这样，只不过被后世美化了
好奇如果毒敌大王死之前干掉晦月魔君会怎么样
类魂听不懂啥意思是吧
这个是去找猴子的
好多黑子说故事有问题，没了解“佛”，人家设定就是暗黑系，又不是正常设定，无脑喷
我看昴日星君的刀，像蝎子的尾巴
要密集恐惧症了
哈哈哈哈哈哈，那是下来渡劫的嘛，那是下来物理搞破坏的哈哈哈哈哈哈哈
你变身石头人，他会调侃你石头里蹦出来看看high
元始天尊
“黑”是动词是吧？
黑暗的天庭
培养人参果那个不是斗战神剧情吗？
他的材料好啊，没打他，鬼知道那么快就被干死了
.
俺老孙要打上天庭！
西游记都没看过就来吃流量？
不说黑神话，就算是西游原著也有很多，比如离西天越近，妖怪越多。。。
这个我忘打了，在哪打啊
呱别跟（故事背景）
无敌
流沙国是灵吉搞的
还截教阐教的，西游里面根本没有这三教
无敌
什么意思
百眼还说要摆脱昆仑
少数几个真破了猴防的
中国游戏无敌！
多少4小时酒通关？
卡拉比丘里的下头领域
幽默热搜
幽默热搜
《西游记》是讽刺朝廷的，那这个是？
另一颗把昴日星君变成了晦月魔君
这里悟空是装的，八戒也中了毒又肿又痛，但悟空症状完全不一样，而且还不让人看伤口
亢金龙不是太白金星的手下吗？
广智：黑神话太乱，我走了
不然怎么叫黑神话
高级马喽
注意，这里只有3.4章的妖王有颜色
然而这是个冗杂战斗战神仁王，故事兼并战神和魂风格的游戏
50个小时还在小西天
中国游戏无敌
大圣无敌
冬草夏草！大补
你成功说服我了，nb
支持没问题 你这个无敌是真能尬整 消停吧？
符合原著的？真的符合吗
这能联想现实吗？我不敢
你干嘛哎哟
天敌第一红花双棍
不是，这特喵不是太白金星吗
中国游戏无敌
这个就是以前的卯日星官，四妹直线里那个仙鹤的神影图里写了这个天庭现在有新的昴日星官
就是夜叉啊。
你干嘛
变身也没凑齐七十二变，精髓加变身也就55个
懂了 黑神话—异型。
悟空123吧，总不能去地府找钟馗偷生死簿，再找姜子牙封神吧
你是？
林克…林克
你才发现啊
福禄寿星
天庭第一护法让你说成保安太幽默了
这还碎片。。影神图啥都写了
不可能是太上老君的
大蛇丸行为
鉴定为看阴谋论看的
游戏科学无敌
太上老君被黑了o(╯□╰)o
克苏鲁修仙
原作不敬神佛的地方都会直接降神罚，一直都很黑
斗战神的延续
是的
红字理解能力这么差吗？正是封建社会重男轻女这里才故意反过来说没有女孩所以看不起公蝎子，这不就是简单的个反讽吗……这不是讽刺重男轻女这是啥……
我的天
原著里面的蝎子精
怎么又扯上魂游了？不是魂游啊UP
第五章那几个人的影神图里，老君的出现频次可不低
草！一定要出大闹天宫！我一定入手！！！
原著里倒马毒能把如来佛祖蜇疼
可怜的孩子，这个时候还想着妈妈
百战天虫
动词黑
学新闻学的？
道教和佛教的教派之争
我勒个蹭王
黑悟空里的天庭灵山的神灵早离开三界了，现在都是一群披神仙妖魔坐上面而己，就像无天佛祖让手下假扮三界众神一样，什么老君假冒的
四圣试禅心的老妈妈
铁山靠？
污蔑我老天使
中国游戏无敌
黑神话不就是斗战神的延续嘛，没变
无敌
一个是阆苑仙葩，一个是美玉无瑕bushi
子母河不是只能生女的  为什么可以生个超雄出来
章节动画里菩萨们不止一次透露过人、妖、神只有神是最高位
不是百足虫？
《吗喽》
中国游戏无敌
游科自己说了有魂类元素，这么说其实也不错
原著鲤鱼精，看看西游原著吧
中国游戏无敌！
不光要大闹天宫，也需要大闹灵山
只是为了天庭和灵山....这理由不充分吗
还不是夜叉呢，CG里都说了红孩儿是夜叉族最后的一个了
什么西游记731
啊？
灵蕴就是人向神佛祈祷产生的能量，是神生存需要的，所以就用各种手段吸引或制造信徒
这踏马是中国人说的话
只狼
三清重工
跟猴子好的都没好下场啊！
还有姜子牙和钟馗
鹤仙人有可能是南极仙翁，元始天尊的徒弟
有个辈分极高的老神仙，那是谁呢。
西行纪也有类似的立意
比西游记有深度你是真的牛逼
这王灵官不就变成了皇上身边的宠儿臣子变成了玉帝施威的工具人
昴日星官
我要救四妹
异形，哈哈哈哈哈
只狼源之宫
啊？
灵韵不足？那不就是没钱的意思吗doge
娃，你着像咧
还是忘不了斗战神
营销之王
改造这东西干嘛?  打架吗?
太上老君一只手就把灵山覆灭了，这故事编得离谱
洛斯里克直呼内行
异形是吧
把蛋煮熟了吃就不行了
无敌
黑袍纠察队
无敌
太上老君：我去过德特里克堡
我大阆中
妥妥的生化危机啊，这是要搞一个游戏系列啊，黑神话加油
按照那个章尾的动画：神仙和菩萨就是更高级的妖怪而已
无敌
这故事缺点是太短了
王灵官是指王重阳道长
其實玩的時候煉丹用的就是把妖怪当材料
和晦月魔君打能听到鸡叫
合格的吗喽
《四十小时，爆肝》
太牛逼了。。。。
中国游戏无敌
灭尽漫天仙佛，另世间无人高高在上
无敌
元始天尊救一下
悟空生化危机
这是埋后面DLC剧情
女儿国琵琶精 蝎子精 是他老婆
鹤仙人真不是太上老君
吴承恩表示赞叹
难绷
符合原著，稍有差异但大体没变
过度解读了
现今神话类动漫电影不也这套路，第一部仙神隐居幕后当黑手，后几部干脆黑深残不当人，就突出一个得反
不是反水，是被迷惑和压制控制了啊
最后一期
注意：无数同修的道侣
牢大:孩子们，这真的不是我。
普拉卡寄生虫
是arpg啦
你是怕他死得不够快啊
懂了，太上老君是光明教萨勒扎教主
妖体实验
搞不好这才是吴承恩真正想表达的
什么保安？人家可是道教顶尖战力
琴螂仙初见的时候不注意吐毒秒了我几次
确实像异形
续作再等四年？？
什么都赖太上老君？证据么没有
她也是女仙啊
异性是吧
这才是真实世界
美女蛇
神中神的超神剧情
人种袋:听上去很别扭的一个法器
和孙渣的那个虫族修仙漫画一样
中国游戏无敌……
中国游戏无敌
主策的前作斗战神玩过就知道天庭灵山都是披着皮的魔鬼
鹤道人就是太上老君，你在第四章结束是的画里能看到鹤道人在右上角炼丹
道教第一护法神在这被说成保安
二郎神会一击秒杀石头人之外的所有变身，不仅是这个，被直接命中变身直接消失
太上老君吧
御前带刀侍卫哈哈哈
李维嘉？？
是纠察 头上的手是玉帝的手
仙峰寺
催眠龙女
无敌
中国游戏无敌
可怜的哥哥。
必然会让某些人物的固有特别印象来代表人物，而你说天庭除了太上老君炼药最厉害，还有谁？你别跟我扯，谁都会炼药啊，是个神仙
原著跟猴哥打了个平手
仙峰寺？
道诡异仙
大哥，有几个菩萨不是这种手势的
现实中有些蝎子雌性比雄性个体更大且更有攻击性
红依的影神图里应该有说和昴日鸡的关系算是姐弟吧
布朗妮詹姆斯？
这里确实没过度解读，我是过度解读忠实反对者
她们都要称为炼丹
只狼、仁王不也是类魂？3d和2d的区别都可以归为roguelike、类银河恶魔城
《血源教会》
难怪毒敌大王对夫人这么念念不忘（dog）
我C连上了
毕竟昴日星官天克虫子
这都能写么
中国游戏无敌
双厨狂喜
糜道人也是
啊，大圣只是被毒素影响了而已，蝎子精的钩子连头皮都没划破，哪来破了什么金刚不坏身啊？
张顺飞
原著不要看错本
中国游戏无敌
看攻略40小时打得出三周目？必是挂壁
黑神话不是魂
还在魂类…
太上是人族
夺命舰
这不是魂
亢金龙和亢金星君，鹤仙人的影神图讲得很清楚，原来点卯的鸡不在，披香殿的鸡成了新的昴日星官
这是现实
黑神话么，神佛不黑暗点，怎么黑
为什么是喝了水就怀上。。。
解读没有过度一说，本身就是思维的碰撞
讲个笑话：太上老君尊号“道德”天尊
你都玩原神了，那我只能顺从了
四个蝎太子就是孩子
其实从六六村目前只有四个属相就看出来了 三部曲 每一部四个属相 哈哈
说一套，做一套
求子观音？
毒敌比鸡哥难打多了
这是珲月魔君人物故事里写的。还有卯日星君相关故事都有直接间接的描述。
魂系列是魂一二三，狼是狼，环是环，猴是猴，别因为知名度和制作公司就用刻板影响去看
主要是当初的想法都在斗战神用完了，斗战神确实经典
还真不够黑，你去看看斗战神，那才算黑
中国游戏无敌
道教协会在干什么这都能忍
亢金龙女被洗脑恶堕，后面天天说同修大道
她说的难道不是和卯日星君的母亲相熟么
辅 转 正
这不就是生化危机四里面的普拉卡吗？
人体改造的前提，这是“人”体吗
哎 可惜版本T0打不到第四章 哈哈哈哈
《左手右臂》
虫仙，
《右手姑娘》
这么细
中国游戏无敌
佛道之争罢了
快出dlc我要打的他爆金丹，居然敢杀我四妹
人之脓
原神无敌
毒敌大王那个超级八连肘击深得曼巴之力
不得加拓展和黑神话2的二选一呀
额 人体不太准确吧  不如说 妖体实验？对神佛来说 这和我们搞动物实验有什么却别么
太上老君人体实验文化有限公司
车智澈doge
石敢当不会，哈哈，他甚至不打，甚至说你怎么回原形了
中国游戏不一定无敌，但黑神话无敌！
老君为什么要搞人体实验？
前面的吴承恩的西游记也是魔改混编版，西游记有更早的版本.
LGBT狂喜
子母河水不是只生女，男孩都被丢弃或者处理了，只是女儿国不留男丁
宫外孕
肯定得出DLC
王灵官百回合平手越大越好不行，撑到三十六雷将也没拿下猴子
和虫仙好像啊
夜叉族，说个别名就知道这个种族是干嘛的了，修罗族
一颗仙卵用来害昴日仙君了，变成了晦月魔君
天才
哥，你这口条说话我得看字幕。。
前面的，说太上老君是因为蜘蛛四妹的剧情，看了就懂了
真黑啊(大史音)
冰冰啊
中国游戏无敌！
黑呀，一二呀，黑一黑一二呀
这社会的上层
做大做强，再创辉煌！
就是搞株连啊
不是夜叉，是罗刹
黑神话不是魂类游戏，是战神类
有资金自然可以扩招人才加快游戏研发
斗战神
这是类魂，而且也不碎片
幽默剧情
转基因蟠桃
一个合格的黑马楼
中国游戏无敌
这种解读好多年前就听过了
游科你怎么忍得住的？
果然
孙悟空也能转世？
可以理解成锦衣卫统领
那红蛇明显是个大人物啊，她只是下不去手杀晦月魔君
相较其他游戏
看到这里不用看了，金钗就是绣花针，毗蓝婆的法宝
经典幻想
异形：黑水？？
命就是命 长生不老的意思是吃别的命补自己
西游记也是讲权力斗争的
坤坤也干了
道诡异仙doge
该刷人马了.jpg
笑死了，还讽刺重男轻女？风月魔的绝招是倒马毒桩，什么姿势自己查，而且为什么叫风月魔懂不懂，这些都是教女的，男的怎么学
我感觉毒敌大王比晦月魔君难打啊
丹阳子是吧
中国游戏无敌
琴螂仙的影神图很值得推敲
西游原著是这样的
这里是在说那些没吃丹药的道士吧
guanqia
我要打上天庭！大闹灵山！还要带上老猪和老沙
关qia
第一眼过去我以为影神国呢
魂小将又来收魂游了，这游戏像战神像的多
731部队
元始天尊是三清的的道德天尊呀
兄弟们，王母就是用金钗划开银河阻挡牛郎织女相见的，百眼也是受制于昆仑，明白了不
你说清楚是谁饶谁一命
扯皮呢，黑猴不是魂
中国游戏无敌！
是因为百眼魔君拿到了法宝和根器，所以昴日星官打不过
这章结束壁画上会说
什么寄生修仙
中国游戏无敌
我的天
f
蛇的形象就能看出和毗蓝婆分不开关系。
好家伙
黑神话是魂啊！steam的标签上写着类魂
阿粥狂喜
宁也憋一个咱看看？
这个太上我也看到了
丝之歌！黑神话都出了！！！！
学新闻学学的
中国游戏无敌
昂日星君，西游记是化作大公鸡，吃掉了玉蝎子
dlc不够 马上第二部！！！
还搁这魂呢
正常，安史之乱后了~
虫系修仙
黑游记，黑悟空，黑时代
西游记里的神佛本来就是这样的
没讲完讲了个大开头
人家那也不叫什么兰花指，有说法的
不是重女?
所谓黑神话，就是借浪漫主义的手法去描述现实中的现象
西游记是为了制衡佛道两教，抑道扬佛，现在反着来了，无一不是玉皇大帝的屠龙之术
白眼魔君是被毗蓝婆收了的，所以，黑猴里的白眼也是个反骨仔
很符合原著
我觉得像是鹤道人给的
后续作品？四五年才憋出这一部不长的黑猴，这次即使赚大了，后续感觉还是遥遥无期
中国游戏无敌
极擅房中术！
延续原著内核，黑？不够黑！
时间若无难，佛便生难
有点尬，我是说up主不是说黑神话
听说原著就是这样的
中国游戏无敌
上南天 碎凌霄才是玩家心中的完美结局
蝎子精真圆
黑玉断续膏
西游记里已经提过道教拿小孩练长生不老弹了
如果大家没有卖《黑神话:悟空》，也有免费地球online版本的《黑社会:吗喽》
黑神话之无间道：我只想做个好黑猴
说没西游记黑的才是营销号阴谋论看多了的，反倒却在这里喷阴谋论，真无敌了
因为和孙悟空有关系吧
被黄梅银堕了呢（doge）
可是黑神话也不是魂类啊，就是动作类游戏好吧。
中国游戏无敌
不是超雄吧
关ka 这字念qia啊文盲
这菩萨的演员是紫蛛儿的脸模
前面的，那个小说我也看过
天上炼丹的能会是谁
女权不来看看？
是灵山屠杀夜叉，不是天庭，说错了，兄嘚
沉默是个很普遍的游戏用词好吧，很多游戏都有
黑神话里和悟空关系不错的都没啥好下场
中国游戏无敌
这就是纯属瞎掰了，影神图说了，红依只是小仙
原著毗蓝婆就是盂兰盆会后才来到紫云山负责生产毒素和解药，估计是想反叛佛门
看影神图就知道这红依也是个情种，她喜欢昴日星官
原著就是这么黑
最大的问题没有最终BOSS
超雄
白眼魔君应该是被胁迫了，事成之后可以放过他
西游记里本来就是这样映射的呀，不奇怪的
唉~三清
这里有点儿牵强
隐藏？这破游戏，连个支线没有，一条路打到黑，笑死个人
昴日星官的对立字好像还真是“晦月魔君”
中国游戏无敌
子母河的水喝了之后不是生女娃吗？
人种袋对应那个，我黄了
啊？
普拉卡寄生虫
六六村不应该12生肖齐全吗？现在就4个而已
修仙故事 就视万物为刍狗
开庭记得带上这截图哈哈
不让我大闹天宫，我心难安啊！！
异形！
太上老君是道教的，跟天庭关系不大
合格的马喽
这不魂3罗莎莉亚前的那些怪物吗 只是都被换成了佛头
西王母真的舍得啊？
《爆肝》，笑了
"斗战神开局CG,就是续集"
中国游戏无敌
确实是纠察灵官
去看游戏图鉴，说的很清楚，别老问为什么扯太上老君
无敌
←毗蓝婆的绣花针不是你理解的绣花针，去看原著，那绣花针有眉毛那么粗
又有阆中
坤
正本西游记本来就是讲 玉皇大帝联合如来打压太上老君的传统道教的故事 各种黑手段
不，这个金钗就是他的法宝金针，在游戏里是有说的
没有死亡惩罚不叫魂
这不是魂类
斗战神：2
把王灵官叫保安队长好不称关羽为看大门的
笑点解析：一边说别人云一边把steam打成stram
那黑人也做了
"兰花指的太多了, 这太牵强了"
西方净土变2.0船新版本
王灵官是天庭物理担当
《一点也不谜语人》开头仙风仙骨菩萨级别气质老猴子一直再猜是谁
粥圣，这盛世如你所愿
中国游戏无敌！
就是百眼魔君用得那个金茧
翻译成英文的人该多痛苦
整个世界确实都没好人，金蝉子走后，大圣妖魔仙活佛都黑了
这是太白金星↓
还没《西游记》黑呢
很像了好吧
处处学魂不是魂？
西方大兴以后又迎来豪杰，天道好轮回，恶人还需恶人磨 是这个意思吧
主播说的有些眉目，用心了用心了
原著里，西游遇到的全是天庭太上老君放下来的妖怪，阻碍唐僧追佛教
保护伞行为
其他我不要，我就要去救四妹！（哭）
自欺欺人是吧
这就无敌了？敌人是真弱啊
不是脑洞，只是以前不让说，现在开放了，西游记真实原版你们看看就懂了，不是精编版
玉帝都不敢惹太上老君，太上老君书里讽刺的就是明朝大内
原著繁体字版本，就是一部黑暗恐怖小说，被三十年修改精编版了
不是卯日星官叫死了一只蝎子精那
是讽刺女拳
估计经费不够 13章出不来只能等后续
无敌
创作前身是《斗战神》，看看那游戏剧情背景有多黑就知道了
天庭是天庭灵山是灵山
昴mao日和亢金龙都救过大圣，如今都反水了，可叹
鸡哥太惨了
这个视频很像up“川同学”的观点，但又没什么深度。b站用户含金量在下降
《普拉卡寄生虫》
这跟元始天尊有啥关系？
这个视频在在缝合多种观点，好好看，后面有割裂感，而且人物都快分不清了
这也不是兰花指啊
太上老君是斗战神的反派头头
只看过86版电视剧的以为自己就看过西游记原著了，吴承恩都是同人
就老君那位格真的需要这些吗？
中国游戏无敌！！！
前面的灵山是佛，天庭是道教
中国游戏无敌！
以女为尊？女性领导却少之又少，这不还是我们吗
无敌
当年昴日星君不是帮猴子干过蝎子吗
真有人变这玩意吗
只看过86版西游记的就别云了，那毕竟是根据吴承恩二创的同人版改编，西游记本身就透着一个字“黑”
中国游戏无敌
鹤仙人旁边的牌子上写着太上
我说打的时候为什么能听见鸡叫呢
因为她说和昂日星君是同辈
中国游戏无敌
绷不住了
一样怪可算有地方刷了
中国游戏无敌！
中国游戏wd
卯日星君————
中二式的强行黑化
原著那么多妖怪都是跑下去的就别指望他们有多好了
是我的琴螂
子母河是观音地盘吧？ 观音人体试验场
不是说你不能改，是说你不能过分改黑神话之前的故事，黑神话的故事怎么写随你
异形啊？
天庭就是朝廷就是黑暗原著就是这个意思
就算说的是黑神话，前情是西游记吧，既然你承认是，那猴子就没有对象，这不对吗？
中国游戏无敌！！
这个up是真的用心做了这个视频了
按你标准，古墓丽影也是魂
神仙也就是有文化的妖精罢了。
阆（、四声）
佛道之争
西游记本来也挺黑
想看女儿国
错误，黑熊精是正常的
这是道教最高护发神 战力顶尖
道诡异仙
这里有错误，晦月魔君是新任昴日星君，老昴日星君的孩子。
生化危机
所以才有新上任的新官
血源詛咒 醫院
大圣哪来的肉身？在到达灵山成佛前，肉身就死了
第一反应是宇智波鼬（雾）
修行，灵力是幽游白书
理解成战神就行了，各种拿神开涮
鹤仙人应该是白鹤童子吧
什么都玉只会害了你
毒敌大王超猛的，单挑一管血，转阶段直接剧情杀了
还有倒！马！毒！
天庭要了多少吨
一点一也不一样
出个dlc薄纱玉帝多少钱我都得玩
文学创作通常都有反讽当代社会现象，毕竟不能无中生有
这玩意纯cs，读指令而且突进攻击一点前摇没有
生食其卵，可功力大增（
你说的百回本是水浒传吗确定挺贴合的
黑神话不是魂类，而是类魂
大蛇丸
难度就是魂，无可置疑
你打不过他他会直接自己说说有老君助他谁能杀他
我可不是娇滴滴的女王
中国游戏无敌
抱脸虫
事，有没救了，又完了
王灵官相当于亚当重锤
开头十秒就给我听yue了这剧情
？
能这么讲，我觉得你不懂西游记，也没看过原著
太上老君：一觉醒来发现被网暴了
西游记反映的就是当时的朝廷、社会，故事人物都在映射而已，独立看待没有意义。
搞得跟你发明这款游戏似的。
40个小时至少看攻略了
而百姓的设定更是自私自利的恶人
不算魂大概介于战神和魂之间
中国游戏无敌
只玩过魂你当然会觉得不是一个味道，但你玩多些其他动作游戏就会发现黑神话很多地方是类魂的
不算严格的魂，但处处学魂
玩过魂的才知道像，上手很快的
李火旺
哈哈哈哈哈
灵山不是天庭的一部分吗？类似分封的诸侯那种的？
辰龙还说只在天上见过
up没看过西游记
我一直觉得这个就是毗蓝婆！
不愧是黑神话
这些解读斗战神相关解读也有，都一样
诶你怎么骂人啊
过度解读？自己去看影神图吧弟弟们，不识字吗？
这不是《虫仙》的剧情嘛
造梦西游牛逼
←一点都不勉强
牛逼
太牛逼了这剧情
国产之光黑神话悟空
40小时看攻略打正常
还跟蛛二代相亲呢
七点的兄弟们
中国游戏无敌
我似乎听过一模一样的文案
眼睛里炼个针就是克虫法宝，这家伙虫族怎么打天克啊
看原著就知道了。
中国游戏无敌。
虫草
生化危机4的普拉卡
道诡异仙。
黑暗弃子
很可爱。
外神
标题党 可以走了
这个在同类游戏里，已经属于故事讲的非常清楚的了
中国游戏无敌
天虫不是蚕么
玉帝的小红手
通关图的仙鹤手机举着的就是。太上。两个字的旗子
这不就是魂？
中国游戏无敌
魂系？没长成的3D ARPG
看看本
黑神话神经更高得赶紧去玩原神吧
道家又被黑了
王灵官金睛红发，黄袍金甲，手持金鞭，和二郎神一样，眉心一只竖瞳，号称“三眼能观天下事，一鞭惊醒世间人”，随侍在玉帝身边。
被白眼魔君杀死他也会说，有人保他来多少天命人也照杀不误
中国游戏无敌
中国游戏无敌
擦，如果照你这推论，太上老君属于道教三清里的一个大人物，而如来也罢，观音也罢，属于佛教，那悟空属于道教还是佛教人物呢，菩提又是真正属于哪一教呢？
《切绕他一命》
解读的黑神话又不是西游记
中国游戏无敌
喝水？生下男的就不是喝水    已经改编到乱编了
讲得太散了
吐字不清语速还快，服了
而且百眼魔君一阶段用符的时候会说什么太清助我
不是类魂缝nmb魂元素
神位常在，神仙常换。
还魂呢官方已经说是RPG游戏
打算帮悟空的全都出事了
人人都有可能是苦命的工具人-悟空，但永不可能变观音玉帝和如来，所以就黑了。
当然了，原著就这么黑，就是需要你仔细阅读或者看得懂
阆-lang-四声
这不就双修
阆中市风景确实不错哦
小黑子
造梦西游5
第四回最后的画上，以鹤上仙为首的队伍，手持写有“太上”的旗子
小仙女的“情郎”啊doge
这才是阴谋论。。。太上老君和太白金星都分不清楚。
给足了t0面子
这叫神族遗产 基因改造 dogeee
听到这句话就可以出去了，既没玩过多少游戏，也没读过多少书
亢金龙的剧情经常出现在小黄油里面
别搞错了，坑金龙没有被洗脑，而是黄眉告诉了亢金龙真相，亢金龙要反天庭
悟空传
其实说的是西王母，不知道为啥硬扯太上老君，药和金钗西王母神话都有出现过，而且西王母是正统道教神，说是一方天帝真不为过
不是魂吧
这应该叫类魂，而不是魂类
up多玩玩氪金游戏，这不是你的赛道
这不是克苏鲁修仙小说吗
。。。。。。
炼药只有太上老君有这个技能啊
不管怎样，六丁六甲还是向着悟空的，就很欣慰。
指正：超雌
女权看见热搜急死了
啥都讽刺，后面又讲公的功法上不去，这里也是讽刺公的蝎子不行呗
还有人记得阿巴瑟真是难得
不说别的就这一条就够我在大闹天宫一次
《灵王右手》
无敌
中国道教协会救一下啊，太清祖师都被黑成啥样了
玩过魂就知道很像了
这不老美吗
结束的壁画上面就是一只鹤旁边有个小鸟举着太上二字
是看着他长大
不是魂，，，
再闹天宫无天登场
魂个基霸 根本就没有魂类游戏 说白了都是3D闯关游戏
八戒说过猴哥找他喝酒他睡着了，等醒来就是三界大乱
这游戏哪里魂了 不就是正常的arpg
不是太上老君是元始天尊吧
西游记哪有这么黑暗 都是营销号过分解读罢了
幽默热搜！还乱搞！
大脑蚕
把变得或去掉…我觉得合理
知乎有篇小说就是这个设定
dlc应该就是围绕天庭灵山来做的
boss太少了
乌克兰生化人超级士兵
王灵官就是斗战神
这个其实不用推测，第四章结尾画上鹤仙人旁边小兵举着旗子上面就写着“太上”二字
这女蛇也是风韵犹存啊
冬虫夏草
毒敌大王打辉月魔君被二阶段剧情杀了
花果山第一关
这不是类魂……jm
百目这句够明显了吧，他就是王母的人
不是魂类啊，服了
这个好像后面打糜道人的时候有提及
这昴日鸡还是被一枚茧灌进嘴里魔化的，很难想象公鸡被虫子给打败了
幽默幽默
怎么不一样，都是右手兰花指
我的四妹啊！
红衣的人物故事里写了，只是大公鸡青梅竹马，她暗恋大公鸡，大公鸡不吊她
不是，红衣是大公鸡青梅竹马
通关之后我觉得黑神话的剧情比西游记更有深度，是一种内容上的升华
上山不上山，先问王灵官，在明朝王灵官不仅是道教第一护法神，还是最主要的军神，在西游记里也是这样
最后大闹天宫？
流量
什么保安，人家是刑部尚书，他头上那只手就是玉帝的
代表原始天尊的白鹤童子，当得起这个评价。
王灵官与天庭里一个地位仅此玉帝的人交好，那人就是三清之一，老君
鹤仙人要拿四妹炼丹，孙悟空大闹天空时老君也要拿他炼丹
毗蓝婆是道转佛的
加油
牛笔
确实黑暗 不过有意思
hun n m
所以这佛手是毗蓝婆菩萨的手？
Boss战里有台词
讲道理，蛇姨比这科学
小鸟好像躲不掉
编不下去，整《未尽》，那我不给钱行不行啊？
悲鸣洞窟
变身后可以躲的，白老虎好闪一些
不是鸡体改造吗
锦衣卫
重女轻男颠倒了哈哈哈讽刺得好
信息量太大了
卯日对晦月woc
gjgamk
国内也一样
不是佛头，这是佛道结合的一种
悟空是魂游，这个up是不是有点不专业啊
除了石猴所有变身都有特殊语音
鹤仙人是太上老君？
这不是女王国吗
缅北3a
锦衣卫指挥使是吧
卯日星君
有可能是南极长生大帝的弟子 阐教三代首徒白鹤童子  他伺候元始天尊左右的
他讲明白故事了？最后？
这多可爱啊，
虫丹
菩萨众仙不救人而人却是妖来救
意志不坚定就会被感染，螳螂部族就很坚定
糜道人
有人说新的昴日星官就是那个啄米山的鸡
阴谋论别魔怔了你们也配借鉴西游记 是借鉴吴闲云和悟空传
道诡异仙
王灵官头上的手掌是玉帝的手
玉帝本来就是最大的，如来不过是对立教派一个帮忙的，只是如来的法力很强
通灵教主，太上老君不收虫子当徒弟
比较类似战神差不多，魂系也有一些，不偏向魂
天庭需要百眼魔君干这事..好像映射哪些项目 哈哈哈
黄眉摆了天庭一道，百眼摆了灵山一道
《推演》
卯日星官
变寅虎，会说六丁六甲速速退下
鹤头是太上老君的伪装
这也是末法之世的一个侧面
兜率天是弥勒修佛的地方
我受不了悟空的这个设定
被分尸了，佛手怪就是
缅北往事
子母河的水只能生出女娃，游戏里红孩儿不是男的吗？
但凡玩过都知道就是魂
很有可能是为了怕道教人士找麻烦才把太上老君改成鹤仙人的
应该他觉得太上老君是炼丹吧？
晦月魔君是天上二十八星宿之一的卯日星君，因为跟下界有些人有关系所以被逐出天庭了
有点勉强
广智，小黄龙也是，直接一招回原型
老君没问题的
知道什么是倒马桩吗？  扎个马步  然后躺下[doge_金箍]
晖月魔君就是昴日星官
无敌
兄弟们我觉得亢金龙好涩怎么办
灵王的手是吧
蚕宝宝
白眼魔君被打败后高喊师组救我
还我们的四妹啊 竟然还要等到《黑神话 悟空2》才能上天庭干掉鹤仙人 救下四妹
鹤是仙翁的坐骑吧
像魂不是魂
不要看到个动作游戏就说是魂游
有罪者是卯日吧
中国游戏无敌
是的 这个卵是关键 很多妖怪甚至其他章节的 都有这个仙卵的描述
说是老君配个太白金星，纯若只臆测
你这玉帝是死神里的灵王吗
神话体系中鹤仙人是元始天尊的徒弟？
没想明白哪来的佛手，原来是这样
我感觉无胆像是说这个没吃幼体的人
中国游戏无敌！
中国游戏无敌
卯日星君也是这样被感染了
几万字的介绍 还碎片啊
老君剧情里还保了红孩儿，不像是干这事儿的，而且六根回收之后也给了二郎神
天上有权利练丹的也就三清之一的太上老君了
说道教第一护法神的，这里是西游记，你要根据西游记里的设定，王灵官在西游记并不是什么大人物
不是，老君招你惹你了？
woc叮当猫
黑神话里各个都是狼人杀玩家，这才是好剧情
纠察或者说是纪委吧
就喜欢这种留白作品。比那种流水作文强多了
鹤的话还有白鹤童子这个吧，元始天尊的门人
九门提督
因为铁扇和老君有关系，火焰山土地是老君的丹童
人都告诉你昆仑了，怎么还在云，老君剧情里在火焰山才表现
中国游戏无敌
【】-、=
啥都怨老君？人在家中坐，锅从天上来
热知识，百回西游记和黑神话差别不大，倒是86版差远了
中国游戏无敌！
设定很简单，现在看就是个斗战神2
寄生修仙
还真反驳不了，打完悔月魔君那个蛇也说这是天庭搞得……
刚出来的应该是血色太阳
个别的有点过度解读
语速太快了
太瑟瑟了
游科疯了，敢这么搞
所以拿老君开头是什么意思？
保安？人家是检察院院长
都告诉你“昆仑”了，还在那里说老君
你们要这样讲就没意思了，以后但凡有点难度的游戏都叫魂类得了
鹤仙人不像太上老君的人吧，最后缩放说了是东天的人，加上寿星一样的头应该属于东天的势力，东天之尊是东华帝君，东华帝君和寿星都是精通炼丹术的
小鬼头
有一个故事里讲了好像是谁去仙人洞府做客想要琴螂仙
又魂类了，没玩过arpg是吧
鹤仙人是“昆仑”的，哥们儿
我草，绝了，可怕
云
啊？
西王母，云顶天宫的秘密，吴邪该你了
西游记是明朝小说，王灵官就是明朝现实中存在过的人，后来被封为仙，在明朝小说本地人肯定厉害
讲的通了
难怪这个手能射金光
这正常人看到神仙不得吓死了，还要和他们学艺呢
毁了人家的大阵 干扰了天庭的炼丹作业
握草，你做剧情解说了？
黑神话 异形
兜率宫练的丹 你说有没有关系
西王母也不是王母娘娘吧
徒儿，师傅我成了
这要不叫类魂多少带点嘴硬了
洛斯里克是吧
卧槽
这个设定我喜欢
佛道大战
对战逻辑跟魂完全不一样好吧
合着跟孙悟空有关系的全被清算了
我勒个豆
看下面那句话，昴日星君得多大架子让太上老君接着?鹤仙人一定不是太上老君这个级别的
帅的
4周目才是真大圣
这个所以是怎么来的，好莫名其妙
不是魂系
异形？
啥玩意？？
中国游戏无敌
历来人体实验成功后 往往改造者也会改造自己
这还不碎片？背景故事全在影神图里
我感觉不对，太上老君这么不持身份自己下来，还要去找百目做肮脏勾当，鹤仙人更像是个手下，百目对他恭敬一方面是因为他是上面来的，另一方面是鹤仙人算是他的上级。
加油
邪典
什么邪典剧情
乍一看像奥创
你这不对，百眼说的是昆仑玉虚宫
这铁球 监牢 npc轮回设计还不魂？
很像仙峰寺
不管真假，期待 dlc 震撼我一把
毗蓝婆菩萨估计是凶多吉少，毕竟绣花针都在多目怪手上
一分半的废话
不看字幕根本听不清你买说什么
出个DLC，我捉到后绑给大家杀了
要不谈谈第4章猪八戒？
阿美丽卡现状
昴日星官叫死的那只母蝎子
中国游戏无敌
《画皮》
广智：这也配我出手？
原来黑的都在影神图里
注：黑熊没有被影响，他太菜炼化不了没碰，反而躲过一劫
现在剧情的漏洞，结合宣传是改编自原著，只能看后续能不能圆上，圆上了就是真神了
它可不是普通的虫子，它是有佛头的虫子，它是被封过天虫的虫子
百眼魔君是鹤仙人的小弟
中国游戏无敌
笑死我了标签就是类魂
保安？纠察！见面如见玉帝！
怪不得很像鸡，原来就是鸡
天庭我称你冯了个福
怎么就瞎扯了
王灵官在西游记写成的时期热度和哪吒这些一样是神话顶流
黑神话有个奇怪的现象，西游路上帮过大圣的，不是被贬，就是失踪被害
我真没有这一幕
另一只被种到昴日星君体内了，变为了晦月魔君
天虫？怪不得像蚕
不是这么厉害有择偶权，蝎子的“倒马”本就暗指情色
战神个坤，这种是类仁王
毒敌难打，晦月魔君一遍过
中国游戏无敌！
打完毒敌我满脑子都是尾后针
中国游戏无敌！！！！！！！！！！！！
我一直到红孩儿剧情才真正意识到为什么叫黑神话
她是看着昴日星官长大的 跟姐姐似的
凌晨一点5000人
好好好
这就是西游记的内核 你们想看的不过是86版西游记罢了
影神图讲得很清楚
既见未来，为何不拜？
我去....
主要是晖月魔君难度不如毒敌大王一半
只能说，当成新故事看就好
是挺碎片的 那法环那就碎成渣了
太白金星
她说认识他很久…哪里说一起长大了
如来手都被扎了个包
尾后针！
我五十五个小时第四章还没打完
百目的词条里也写了鹤道人的背后就是西王母
唉
草
幽默
顺飞
昴日星官被天庭骗下去给改造成辉月魔君了
道祖不会这么没牌面吧
然后脖子就被掰断了
有没有懂哥反驳下，不然我真信了！
异形
不是单防也是和二郎神一样围攻
天蚕
瞎扯
什么保护伞公司
这游戏和魂类有啥关系？
不是哥们啥逻辑啊？这就太上老君了？证据呢？
我的小猴子随便打他
属于是纠察队长
这个系列真的是有生之年了
500灵官之首可不是什么保安啊
我已经80小时了
豆苟
我靠
中国游戏无敌
潜 入 搜 查 官
中国游戏无敌
中国游戏无敌
中国游戏无敌
目前是只有两种剧情吗？
无敌
元始天尊门下的白鹤童子
哥们这每个怪的故事内容还少呀，得从出生讲起？
白鹤童子是元始天尊的侍童
白鹤童子，南极仙翁的徒弟
真有只手在脑袋上。。。
保安？人家是天庭25仔！
好，没尿点儿
晦月魔君就是第二个虫卵变的
黑神话悟空不是网游嘛(3D版)
后续还有剧情，卯日星君失踪了，亢金龙下界来找，结果被黄眉蛊惑成他手下了
卯日叫一声把他老婆叫死了
黑袍纠察队
那小红蛇是这个大人物？
你不如说个加油
先打完公鸡导致错过靡道人的我表示很淦
尬住了
这不是魂是arpg
魂是顶级谜语人，黑猴也算是谜语人了
猴类游戏
中国游戏无敌
叙事方式也就比魂清楚点，后期剧情要看脑补链接
其中一枚强制喂给了卯日星君，孵化成了晖日魔君
上面太上两个字石锤了
我把周昊骏看成周星驰了
qia    怎么这些主播都没上过学吗
太白金星吧 老君不可能自己下场的
有一说一，up普通话咬字并不清晰，要么慢点说话吧
鹤仙人是玉帝身边的，百眼魔君是给王母办事的，打斗的时候百眼魔君会说有太真护我，太真王母的小女儿
吴闲云煮酒探西游
真的期待第二部
黑社会：神佛
整天只狼，你就知道只狼了
西游记体系是魔改的体系 玉帝才是最大的 自己翻翻各版原著看下称呼和对话的用词
不像太上
王灵官是护法神啊，原著跟猴子真正一对一单挑打得不分胜负的角色
在黑神话的王灵官怎么也是个天庭高级军官了维持天庭秩序，玉帝甚至把右手安在他头颅见手如见人，可见官位之大
可塑造的悟空也不是什么好东西
中国游戏无敌
什么普拉卡
物种入侵hh
冬虫夏草
因为科技发展引发新利益矛盾
阴谋论闹麻了除了人物名字看不出跟西游记有什么关系，还敢说尊重原著
昴日星君呐……
你怎么知道那是王者荣耀，你怎么不说是英魂之刃曙光英雄，你还说你没玩过?搞笑呢
恶魔人经典画面
御前侍卫哈哈哈
真的很讽刺，他所表达的，不是说哪里啊，因为在哪里都是
太惨了吧
4刷真结局
啊！！ 天啊
中国游戏无敌
西游记里面那只母蝎子就是昴日星官杀掉的吧
其实他的故事原说比较讽刺...跟如今的社会很像
小报告之神
你这描述一看不西王母吗？制药和金钗
对嗷 另一只虫卵和手臂估计等dlc或者下一部了
卧槽！
吴迪
卵茧？
毗蓝婆在西游的时候是道转佛的典型代表，西游后大概率是被道家清算的
arpg，难度你但凡研究一下bd就能无脑过关
牛逼了
其实西游记本身就这个意思，就够暗黑的了
就算不是太上老君 也是跟太上老君有密切联系的人
有点只狼剧情那味
西游记的王灵官和现实的王灵官不一样哦 千万别混为一谈
猜会不会有幻境渡劫的结局
太上老君坐骑是青牛，童子是金银角，都和鹤没啥关系吧
这游戏除了不是《西游记》，啥都好。
蠕动之城
种子刷完了么，酒食拿全了么
阅读理解从古至今都有
何止保安 我禁字决硬打打了十次
本来就不是魂类游戏
打斗的时候也说过有太清护我，你是赢不了的
